,Rank,Frequency,Rank X Frequency
있,1,11399,11399
통해,2,3793,7586
하,3,3281,9843
밝혔,4,2610,10440
받,5,2521,12605
위해,6,2263,13578
위한,7,1836,12852
대한,8,1765,14120
지난,9,1383,12447
만들,10,1302,13020
되,11,1122,12342
오,12,1093,13116
했,13,1079,14027
따라,14,1055,14770
따르,15,1002,15030
보,16,968,15488
될,17,901,15317
가,18,779,14022
된다,19,777,14763
찾,20,770,15400
할,21,729,15309
열린,22,695,15290
열리,23,678,15594
대해,24,666,15984
맞,25,641,16025
넘,26,623,16198
해,27,612,16524
됐,28,596,16688
보인다,29,582,16878
와,30,569,17070
알,31,557,17267
선보였,32,495,15840
들,33,485,16005
티,34,467,15878
한,35,460,16100
이,36,458,16488
통한,37,425,15725
볼,38,423,16074
열,39,423,16497
보이,40,413,16520
내놓,41,398,16318
잡,42,391,16422
선보이,43,378,16254
보여,44,374,16456
얻,45,373,16785
담,46,368,16928
따른,47,367,17249
맡,48,363,17424
선보인다,49,357,17493
높이,50,340,17000
위해서,51,329,16779
나오,52,329,17108
내,53,326,17278
덧붙였,54,324,17496
전했,55,321,17655
맞춰,56,304,17024
갖,57,301,17157
만든,58,299,17342
된,59,290,17110
선보일,60,286,17160
즐길,61,284,17324
한다,62,279,17298
만드,63,278,17514
쓰,64,277,17728
알려졌,65,277,18005
늘,66,271,17886
주,67,269,18023
나타났,68,265,18020
두,69,264,18216
끌,70,263,18410
앞서,71,257,18247
이끌,72,257,18504
이르,73,248,18104
관한,74,238,17612
줄,75,232,17400
보내,76,228,17328
거쳐,77,228,17556
비해,78,223,17394
나왔,79,212,16748
대해서,80,207,16560
갖춘,81,206,16686
돕,82,205,16810
삼,83,201,16683
겪,84,201,16884
나온다,85,199,16915
선보인,86,199,17114
가진,87,198,17226
남,88,197,17336
더불,89,193,17177
맺,90,191,17190
사,91,188,17108
나서,92,187,17204
알려,93,185,17205
앞둔,94,180,16920
온,95,178,16910
만나,96,177,16992
갖췄,97,176,17072
가지,98,176,17248
알림,99,174,17226
본,100,169,16900
살펴보,101,169,17069
읽,102,167,17034
돼,103,165,16995
나섰,104,161,16744
쏠,105,161,16905
나선다,106,160,16960
보였,107,160,17120
갖추,108,158,17064
앞두,109,157,17113
해야,110,157,17270
쓸,111,154,17094
전하,112,151,16912
인해,113,151,17063
밝힌,114,150,17100
살,115,148,17020
달하,116,147,17052
밝히,117,147,17199
바꾸,118,146,17228
나설,119,146,17374
벗어나,120,145,17400
줄이,121,145,17545
늘어나,122,145,17690
듣,123,143,17589
올리,124,141,17484
막,125,140,17500
찍,126,139,17514
누르,127,139,17653
늘리,128,139,17792
꼽,129,137,17673
놓,130,136,17680
넣,131,134,17554
해도,132,132,17424
들어가,133,131,17423
올,134,131,17554
켜,135,130,17550
이뤄,136,129,17544
뛰어넘,137,126,17262
알리,138,125,17250
타,139,125,17375
셀,140,125,17500
높였,141,124,17484
커,142,124,17608
불리,143,123,17589
웨,144,122,17568
높인,145,122,17690
나,146,121,17666
나타나,147,119,17493
내놨,148,119,17612
이루,149,119,17731
바꿀,150,118,17700
걸쳐,151,116,17516
즐기,152,114,17328
인한,153,114,17442
바꿔,154,114,17556
버,155,113,17515
움직이,156,112,17472
모아,157,111,17427
인정받,158,111,17538
달리,159,110,17490
이어지,160,108,17280
줄여,161,107,17227
낼,162,107,17334
기다립니다,163,106,17278
늘려,164,105,17220
갤,165,105,17325
줄어들,166,104,17264
보여준다,167,103,17201
나선,168,103,17304
붙,169,102,17238
느낄,170,101,17170
풀,171,100,17100
잃,172,100,17200
앞세워,173,100,17300
올린,174,99,17226
바뀌,175,98,17150
맞춘,176,98,17248
쌓,177,97,17169
나누,178,96,17088
나올,179,94,16826
바란다,180,94,16920
의해,181,91,16471
입,182,91,16562
몰,183,90,16470
미치,184,90,16560
치,185,90,16650
모으,186,90,16740
띄,187,90,16830
높여,188,88,16544
나아가,189,86,16254
걸,190,85,16150
달한다,191,85,16235
도와,192,85,16320
그러,193,84,16212
늘어난,194,84,16296
원하,195,84,16380
펼치,196,83,16268
서,197,82,16154
히,198,82,16236
떨어지,199,81,16119
커지,200,80,16000
오르,201,78,15678
내리,202,78,15756
늘어날,203,77,15631
생기,204,77,15708
모았,205,77,15785
높일,206,77,15862
이뤄질,207,77,15939
없애,208,77,16016
이기,209,77,16093
알려진,210,76,15960
들어갔,211,76,16036
키우,212,76,16112
쏟,213,76,16188
꼽힌다,214,75,16050
나온,215,75,16125
뛰어들,216,74,15984
세웠,217,74,16058
올렸,218,73,15914
내다봤,219,73,15987
드러냈,220,73,16060
꼽히,221,73,16133
알려준다,222,73,16206
이어질,223,72,16056
해서,224,72,16128
전해졌,225,72,16200
맞춤,226,71,16046
모르,227,71,16117
줄일,228,71,16188
느끼,229,71,16259
뽑,230,71,16330
선보여,231,69,15939
올랐,232,69,16008
믿,233,68,15844
모인,234,68,15912
트,235,67,15745
나타내,236,67,15812
줄였,237,67,15879
갈,238,67,15946
지키,239,66,15774
선,240,66,15840
내려,241,66,15906
맞추,242,65,15730
손잡,243,65,15795
냈,244,65,15860
밝혀,245,65,15925
벌이,246,64,15744
먹,247,64,15808
힘입,248,63,15624
잇따라,249,63,15687
둔,250,63,15750
뛰,251,62,15562
연,252,62,15624
일어나,253,60,15180
사라지,254,60,15240
울리,255,60,15300
나눠,256,59,15104
이어졌,257,59,15163
달할,258,59,15222
잇달,259,59,15281
뒀,260,59,15340
앉,261,59,15399
열린다,262,58,15196
묻,263,58,15254
떠오르,264,58,15312
가질,265,58,15370
늘어났,266,58,15428
누릴,267,58,15486
드,268,57,15276
지닌,269,57,15333
가져올,270,57,15390
진행할,271,57,15447
깎,272,57,15504
가졌,273,57,15561
통하,274,56,15344
거치,275,56,15400
들려주,276,56,15456
세우,277,56,15512
올려,278,55,15290
담긴,279,55,15345
그쳤,280,55,15400
앞장서,281,55,15455
통해서,282,55,15510
배우,283,55,15565
스,284,54,15336
달했,285,54,15390
노리,286,54,15444
는,287,53,15211
넘치,288,53,15264
선보인다고,289,53,15317
이끄,290,52,15080
꿈꾸,291,52,15132
짜,292,52,15184
의한,293,52,15236
그리,294,52,15288
곤,295,52,15340
마쳤,296,51,15096
쓰이,297,51,15147
지나,298,51,15198
실,299,51,15249
내세우,300,51,15300
옮겨,301,51,15351
다지,302,51,15402
강해,303,51,15453
가하,304,50,15200
넘어섰,305,50,15250
팔,306,50,15300
묶,307,50,15350
잠금,308,50,15400
꽂,309,50,15450
밝힐,310,49,15190
이뤄졌,311,49,15239
그린,312,49,15288
마치,313,48,15024
늘릴,314,48,15072
돌,315,48,15120
여,316,48,15168
준다,317,48,15216
뒤집,318,48,15264
변하,319,47,14993
모여,320,47,15040
알려져,321,47,15087
본다,322,47,15134
바라보,323,47,15181
출,324,47,15228
둘러보,325,47,15275
오른,326,46,14996
위해선,327,46,15042
깨,328,46,15088
거두,329,46,15134
내보내,330,46,15180
낸,331,46,15226
끝나,332,46,15272
놀,333,46,15318
나가,334,45,15030
이뤄진,335,45,15075
들어오,336,45,15120
넓히,337,45,15165
갖춰,338,45,15210
이뤘,339,45,15255
키워,340,44,14960
기다리,341,44,15004
걸리,342,44,15048
앞선,343,44,15092
덜,344,44,15136
자,345,44,15180
아우르,346,44,15224
메,347,44,15268
사로잡,348,44,15312
놓여,349,43,15007
지,350,43,15050
된다는,351,43,15093
떨어진,352,43,15136
보인,353,43,15179
정해,354,43,15222
미칠,355,43,15265
메인,356,43,15308
깎이,357,43,15351
이뤄지고,358,42,15036
봤,359,42,15078
이를,360,42,15120
비대,361,42,15162
이른다,362,42,15204
왔다,363,42,15246
차,364,41,14924
일으키,365,41,14965
떨어졌,366,41,15006
다니,367,41,15047
나눔,368,41,15088
채우,369,41,15129
끊김,370,41,15170
언,371,41,15211
피하,372,41,15252
제한,373,41,15293
내세워,374,41,15334
주고받,375,40,15000
쓴,376,40,15040
들어간,377,40,15080
거뒀,378,40,15120
끌어올리,379,40,15160
끈다,380,40,15200
맞서,381,40,15240
걸린,382,40,15280
향한,383,40,15320
접어들,384,39,14976
머물,385,39,15015
생길,386,39,15054
내세웠,387,39,15093
아,388,39,15132
나와,389,39,15171
정해진,390,39,15210
열렸,391,39,15249
다루,392,39,15288
버리,393,39,15327
죽,394,39,15366
쏘,395,38,15010
썼,396,38,15048
그치,397,38,15086
들이,398,38,15124
적,399,38,15162
났,400,38,15200
내렸,401,38,15238
나타냈,402,38,15276
맞췄,403,38,15314
넘어선,404,38,15352
기울이,405,38,15390
따라오,406,38,15428
힘쓰,407,37,15059
생긴,408,37,15096
갔,409,37,15133
살아남,410,37,15170
들여,411,37,15207
마친,412,37,15244
달라지,413,37,15281
내세운,414,37,15318
짓,415,37,15355
흔들림,416,37,15392
아끼,417,37,15429
만난,418,36,15048
메일,419,36,15084
열릴,420,36,15120
뜨,421,36,15156
이뤄지지,422,36,15192
접,423,36,15228
거듭나,424,36,15264
들어갈,425,36,15300
달,426,36,15336
핀,427,36,15372
펼친다,428,35,14980
줄어든,429,35,15015
떠나,430,35,15050
한다는,431,35,15085
걷,432,35,15120
넘어설,433,35,15155
뚫,434,35,15190
몬,435,35,15225
들어간다,436,34,14824
떠올랐,437,34,14858
떠오른,438,34,14892
벌,439,34,14926
바라,440,34,14960
돌아가,441,34,14994
찾아내,442,34,15028
거둔,443,34,15062
커졌,444,34,15096
간,445,34,15130
꼽혔,446,34,15164
낮춰,447,34,15198
됩니다,448,34,15232
펼칠,449,34,15266
들리,450,34,15300
보일,451,34,15334
여기,452,34,15368
접하,453,33,14949
올릴,454,33,14982
둘러싼,455,33,15015
쓰일,456,33,15048
일어났,457,33,15081
나타날,458,33,15114
달라졌,459,33,15147
대,460,33,15180
앞세운,461,33,15213
띄워,462,33,15246
달린,463,33,15279
낮추,464,33,15312
머무르,465,33,15345
준,466,33,15378
밟,467,33,15411
어울리,468,33,15444
왔,469,32,15008
탈,470,32,15040
생겼,471,32,15072
제치,472,32,15104
돌리,473,32,15136
이룰,474,32,15168
꺾,475,32,15200
정하,476,32,15232
붙여,477,32,15264
달려,478,31,14818
붙이,479,31,14849
품,480,31,14880
다가오,481,31,14911
갖춰야,482,31,14942
틀,483,31,14973
거둘,484,31,15004
알렸,485,31,15035
내다보,486,31,15066
떨어져,487,31,15097
옮기,488,30,14640
물,489,30,14670
빈,490,30,14700
쏠리,491,30,14730
겨루,492,30,14760
올라가,493,30,14790
내걸,494,30,14820
써,495,30,14850
찾아가,496,30,14880
쏟아지,497,30,14910
없앴,498,30,14940
합니다,499,30,14970
이뤄지는,500,30,15000
슨,501,30,15030
이어진다,502,29,14558
놀라,503,29,14587
지켜,504,29,14616
찬,505,29,14645
더해져,506,29,14674
달라질,507,29,14703
모은,508,29,14732
나타난,509,29,14761
드린다,510,29,14790
전한,511,29,14819
피,512,29,14848
향하,513,28,14364
따라잡,514,28,14392
누리,515,28,14420
일,516,28,14448
노린,517,28,14476
늘린다,518,28,14504
움직임,519,28,14532
넘어서,520,28,14560
향해,521,28,14588
살펴볼,522,28,14616
보낼,523,28,14644
봐도,524,28,14672
걸려,525,28,14700
구하,526,27,14202
일어날,527,27,14229
늘어난다,528,27,14256
담겨,529,27,14283
끄,530,27,14310
떨어질,531,27,14337
낸다,532,27,14364
키울,533,27,14391
남긴,534,27,14418
숨,535,27,14445
밴,536,27,14472
다가올,537,26,13962
걸릴,538,26,13988
내비쳤,539,26,14014
돼야,540,26,14040
알릴,541,26,14066
살리,542,26,14092
벌어지,543,26,14118
올라,544,26,14144
부르,545,26,14170
세워,546,26,14196
힘쓸,547,26,14222
파이,548,26,14248
봐야,549,26,14274
밝혀줄,550,26,14300
잇,551,25,13775
보낸,552,25,13800
골라,553,25,13825
나타난다,554,25,13850
심,555,25,13875
더한,556,25,13900
다퉈,557,25,13925
털,558,25,13950
탄,559,25,13975
쓴다,560,25,14000
놓치,561,25,14025
꺼내,562,25,14050
썬,563,25,14075
이루어지,564,25,14100
상한,565,25,14125
빼,566,25,14150
닿,567,25,14175
오를,568,25,14200
넓혀,569,25,14225
살려,570,25,14250
내릴,571,24,13704
손꼽히,572,24,13728
처한,573,24,13752
든,574,24,13776
받아들이,575,24,13800
나뉘,576,24,13824
살피,577,24,13848
취하,578,24,13872
넘기,579,24,13896
불거진,580,24,13920
이뤄야,581,24,13944
보냈,582,24,13968
멘,583,24,13992
펼쳐지,584,24,14016
택했,585,24,14040
파,586,24,14064
도울,587,24,14088
달렸,588,24,14112
꾀하,589,24,14136
쥐,590,24,14160
보입니다,591,23,13593
안,592,23,13616
가할,593,23,13639
깔,594,23,13662
한다고,595,23,13685
발맞춰,596,23,13708
연이,597,23,13731
빚,598,23,13754
따라가,599,23,13777
낳,600,23,13800
미쳤,601,23,13823
전해,602,23,13846
날,603,23,13869
들어서,604,23,13892
치솟,605,23,13915
보여준,606,23,13938
불어넣,607,23,13961
꺼진,608,23,13984
나눴,609,23,14007
연다,610,23,14030
지니,611,22,13442
불러,612,22,13464
늘린,613,22,13486
벗,614,22,13508
던지,615,22,13530
바뀔,616,22,13552
대해선,617,22,13574
합쳐,618,22,13596
드러나,619,22,13618
늘렸,620,22,13640
업,621,22,13662
높인다,622,22,13684
빠졌,623,22,13706
싣,624,22,13728
봬,625,22,13750
바랍니다,626,22,13772
생겨났,627,22,13794
맞붙,628,22,13816
이뤄낼,629,22,13838
웃돌,630,22,13860
혼,631,22,13882
다룬,632,21,13272
사라질,633,21,13293
두드리,634,21,13314
빠진,635,21,13335
합친,636,21,13356
빠져,637,21,13377
꾸려,638,21,13398
멈추,639,21,13419
알아보,640,21,13440
기울여,641,21,13461
휘,642,21,13482
찾아보,643,21,13503
펼쳤,644,21,13524
다가온,645,21,13545
녹,646,21,13566
든다,647,21,13587
돌아다니,648,21,13608
걸렸,649,21,13629
모아서,650,21,13650
된다면,651,21,13671
돌려,652,21,13692
돼도,653,21,13713
퍼지,654,21,13734
드리,655,21,13755
밝혀졌,656,21,13776
느낀다,657,21,13797
끼치,658,21,13818
델,659,20,13180
맞먹,660,20,13200
모은다,661,20,13220
닮,662,20,13240
모른다,663,20,13260
드러났,664,20,13280
피해,665,20,13300
팔린,666,20,13320
낮춘,667,20,13340
불,668,20,13360
일으킬,669,20,13380
펼쳐질,670,20,13400
펴,671,20,13420
세운,672,20,13440
앞장설,673,20,13460
춘,674,20,13480
그려,675,20,13500
다가가,676,20,13520
줬,677,20,13540
관해,678,20,13560
싸,679,20,13580
걸친,680,19,12920
다닐,681,19,12939
미루,682,19,12958
앓,683,19,12977
켜져,684,19,12996
되찾,685,19,13015
바꿔야,686,19,13034
일으켰,687,19,13053
닦,688,19,13072
돌려주,689,19,13091
책임지,690,19,13110
담겼,691,19,13129
정했,692,19,13148
모이,693,19,13167
이어진,694,19,13186
이어져,695,19,13205
챙기,696,19,13224
남기,697,19,13243
몰리,698,19,13262
가져다,699,19,13281
접할,700,19,13300
헤,701,19,13319
던졌,702,18,12636
맞물려,703,18,12654
벌였,704,18,12672
싸우,705,18,12690
갖출,706,18,12708
닫,707,18,12726
사라졌,708,18,12744
펼쳐,709,18,12762
샀,710,18,12780
가져가,711,18,12798
뜬다,712,18,12816
사라진,713,18,12834
쏠린다,714,18,12852
흔들리,715,18,12870
난,716,18,12888
짚,717,18,12906
이룬,718,18,12924
움직여,719,18,12942
드러내,720,18,12960
떨어진다,721,18,12978
캐,722,18,12996
나눌,723,18,13014
튀,724,18,13032
이끈,725,18,13050
지워버릴,726,18,13068
배울,727,18,13086
잇따르,728,18,13104
벌어질,729,18,13122
꿀,730,18,13140
받아들일,731,18,13158
굳힌,732,18,13176
엉켜,733,18,13194
바꿨,734,17,12478
마시,735,17,12495
커질,736,17,12512
없앤,737,17,12529
이뤄져야,738,17,12546
기울일,739,17,12563
놓인,740,17,12580
달해,741,17,12597
어쩔,742,17,12614
그칠,743,17,12631
불린다,744,17,12648
띈다,745,17,12665
빌,746,17,12682
지켜보,747,17,12699
당한,748,17,12716
빼놓,749,17,12733
가리,750,17,12750
펼쳐진다,751,17,12767
옮긴,752,17,12784
줄어든다,753,17,12801
지나가,754,17,12818
조기,755,17,12835
즐겨,756,17,12852
달라진,757,17,12869
된다고,758,17,12886
비치,759,17,12903
울려,760,17,12920
들여다보,761,16,12176
들어왔,762,16,12192
여겨,763,16,12208
돌아보,764,16,12224
엿볼,765,16,12240
지내,766,16,12256
실렸,767,16,12272
쏟아져,768,16,12288
퍼져,769,16,12304
사라진다,770,16,12320
빠지,771,16,12336
밀려,772,16,12352
다졌,773,16,12368
섞여,774,16,12384
가져야,775,16,12400
거쳐야,776,16,12416
나아갈,777,16,12432
줄어드,778,16,12448
끊이,779,16,12464
지났,780,16,12480
꾀할,781,16,12496
부를,782,16,12512
낮출,783,16,12528
지켰,784,16,12544
맞이해,785,16,12560
꾸미,786,16,12576
건,787,16,12592
태우,788,16,12608
넘볼,789,16,12624
맞출,790,16,12640
내린,791,16,12656
살렸,792,16,12672
될지,793,16,12688
붐비,794,16,12704
들어설,795,16,12720
거쳤,796,15,11940
끈,797,15,11955
가져오,798,15,11970
의하,799,15,11985
생겨나,800,15,12000
찾아볼,801,15,12015
태어난,802,15,12030
산,803,15,12045
푸,804,15,12060
걸린다,805,15,12075
이뤄져,806,15,12090
몰려,807,15,12105
넘겼,808,15,12120
쉬,809,15,12135
뒤지,810,15,12150
드림,811,15,12165
움직인다,812,15,12180
열려,813,15,12195
노린다,814,15,12210
취할,815,15,12225
높여야,816,15,12240
몰렸,817,15,12255
나선다는,818,15,12270
비,819,15,12285
쏟아진다,820,15,12300
웃,821,15,12315
불타,822,15,12330
주어진,823,15,12345
그친,824,15,12360
벌어들인,825,15,12375
팔리,826,15,12390
불러도,827,15,12405
올라간다,828,15,12420
써야,829,15,12435
익,830,15,12450
빼앗,831,14,11634
비하,832,14,11648
둘러싸,833,14,11662
빌려,834,14,11676
움직일,835,14,11690
이길,836,14,11704
느낀,837,14,11718
아꼈,838,14,11732
들어선,839,14,11746
지우,840,14,11760
알아듣,841,14,11774
미친,842,14,11788
베인,843,14,11802
다가왔,844,14,11816
맡기,845,14,11830
만날,846,14,11844
서두르,847,14,11858
매,848,14,11872
살펴본다,849,14,11886
달려가,850,14,11900
넘어가,851,14,11914
이뤄냈,852,14,11928
외치,853,14,11942
시키,854,14,11956
드러낸,855,14,11970
알아내,856,14,11984
배기,857,14,11998
섰,858,14,12012
피치,859,14,12026
타나,860,14,12040
내건,861,14,12054
세,862,14,12068
들려준다,863,14,12082
벌일,864,14,12096
했었,865,14,12110
주어진다,866,14,12124
이루어진,867,14,12138
덮,868,14,12152
다가갈,869,14,12166
올라간,870,14,12180
들여다,871,14,12194
밀,872,13,11336
반해,873,13,11349
띄우,874,13,11362
끝난,875,13,11375
뛰어든,876,13,11388
둘,877,13,11401
맞춘다,878,13,11414
끊,879,13,11427
드릴,880,13,11440
연달,881,13,11453
떠오를,882,13,11466
깨우,883,13,11479
점쳐진다,884,13,11492
고르,885,13,11505
해내,886,13,11518
올라서,887,13,11531
넘긴,888,13,11544
낮췄,889,13,11557
가져온,890,13,11570
익히,891,13,11583
따라서,892,13,11596
앞당길,893,13,11609
미친다,894,13,11622
할까,895,13,11635
풀리,896,13,11648
그릴,897,13,11661
살릴,898,13,11674
미뤄,899,13,11687
움직였,900,13,11700
전할,901,13,11713
빛나,902,13,11726
평했,903,13,11739
물러나,904,13,11752
떼,905,13,11765
벌어진,906,13,11778
던,907,13,11791
흐르,908,13,11804
카,909,13,11817
얼어붙,910,13,11830
줄인,911,13,11843
알린,912,13,11856
벗어난,913,13,11869
상했,914,13,11882
잊,915,13,11895
써도,916,13,11908
감싸,917,13,11921
차인,918,13,11934
채움,919,13,11947
돌아오,920,12,11040
꼬집,921,12,11052
정한,922,12,11064
태어나,923,12,11076
일으킨,924,12,11088
나갔,925,12,11100
들어와,926,12,11112
취했,927,12,11124
만났,928,12,11136
바뀐,929,12,11148
접어든,930,12,11160
살린,931,12,11172
비춰,932,12,11184
머물러,933,12,11196
넓힐,934,12,11208
진,935,12,11220
쉴,936,12,11232
던진다,937,12,11244
한다면,938,12,11256
옮길,939,12,11268
속한,940,12,11280
불릴,941,12,11292
느껴,942,12,11304
보인다고,943,12,11316
점쳐,944,12,11328
쓰인다,945,12,11340
메우,946,12,11352
부른다,947,12,11364
딛,948,12,11376
따,949,12,11388
떠난,950,12,11400
안다,951,12,11412
잇단,952,12,11424
입히,953,12,11436
간다,954,12,11448
불러올,955,12,11460
힘써야,956,12,11472
돋보인다,957,12,11484
이겨,958,12,11496
키워야,959,12,11508
해온,960,12,11520
치른,961,12,11532
와도,962,12,11544
없앨,963,12,11556
가져갈,964,12,11568
물으면,965,12,11580
돌아왔,966,12,11592
수놓,967,12,11604
들어온,968,12,11616
내딛,969,12,11628
늦추,970,12,11640
나선다고,971,12,11652
쓰였,972,12,11664
기대,973,12,11676
떠서,974,12,11688
만져,975,12,11700
남겼,976,11,10736
손꼽힌다,977,11,10747
잡히,978,11,10758
무너지,979,11,10769
앞당겨,980,11,10780
오가,981,11,10791
넘길,982,11,10802
던진,983,11,10813
뒤처지,984,11,10824
끝내,985,11,10835
거친,986,11,10846
끌어올렸,987,11,10857
바꾼,988,11,10868
헤매,989,11,10879
벌어졌,990,11,10890
넘겨,991,11,10901
붓,992,11,10912
밝혀냈,993,11,10923
즐겼,994,11,10934
몰려들,995,11,10945
사들이,996,11,10956
쏟아졌,997,11,10967
살펴본,998,11,10978
나타낼,999,11,10989
당했,1000,11,11000
들였,1001,11,11011
따지,1002,11,11022
눌러,1003,11,11033
돋보이,1004,11,11044
추,1005,11,11055
오른다,1006,11,11066
둘러볼,1007,11,11077
높인다는,1008,11,11088
따져,1009,11,11099
느꼈,1010,11,11110
떠올리,1011,11,11121
판,1012,11,11132
생긴다,1013,11,11143
위하,1014,11,11154
팔렸,1015,11,11165
불리우,1016,11,11176
씻,1017,11,11187
헤쳐,1018,11,11198
지냈,1019,11,11209
식,1020,11,11220
스쳐,1021,11,11231
내밀,1022,11,11242
칭한,1023,11,11253
감추,1024,11,11264
붙인,1025,10,10250
막힘,1026,10,10260
들려,1027,10,10270
쌓이,1028,10,10280
일어난,1029,10,10290
가르치,1030,10,10300
전해진다,1031,10,10310
허물,1032,10,10320
합한,1033,10,10330
달라진다,1034,10,10340
흔들,1035,10,10350
살아가,1036,10,10360
쏟아부,1037,10,10370
점치,1038,10,10380
키운,1039,10,10390
돌아갈,1040,10,10400
굳혔,1041,10,10410
자르,1042,10,10420
살펴봤,1043,10,10430
그래도,1044,10,10440
속하,1045,10,10450
위함,1046,10,10460
잡힌,1047,10,10470
나뉜다,1048,10,10480
치러질,1049,10,10490
올라섰,1050,10,10500
끌어올릴,1051,10,10510
떠났,1052,10,10520
밝혀야,1053,10,10530
가두,1054,10,10540
꾀했,1055,10,10550
꾸몄,1056,10,10560
커진다,1057,10,10570
겹치,1058,10,10580
덧붙인,1059,10,10590
베,1060,10,10600
감기,1061,10,10610
이뤄낸,1062,10,10620
흘러와,1063,10,10630
떨어진다거나,1064,10,10640
늘려도,1065,10,10650
다룰,1066,10,10660
오름,1067,10,10670
찾아오,1068,9,9612
올라오,1069,9,9621
들어섰,1070,9,9630
바라본,1071,9,9639
다가서,1072,9,9648
점하,1073,9,9657
밀리,1074,9,9666
내려놓,1075,9,9675
건네,1076,9,9684
가한다,1077,9,9693
흘리,1078,9,9702
끼,1079,9,9711
와서,1080,9,9720
줄지,1081,9,9729
보탤,1082,9,9738
합치,1083,9,9747
키웠,1084,9,9756
그쳐,1085,9,9765
드러난,1086,9,9774
설,1087,9,9783
말,1088,9,9792
돌아섰,1089,9,9801
날리,1090,9,9810
연다고,1091,9,9819
몰아준,1092,9,9828
꾸리,1093,9,9837
서둘러,1094,9,9846
깔려,1095,9,9855
올라온,1096,9,9864
치킨,1097,9,9873
몸담,1098,9,9882
노려,1099,9,9891
떨,1100,9,9900
차리,1101,9,9909
되돌려,1102,9,9918
붙일,1103,9,9927
보인다는,1104,9,9936
얽혀,1105,9,9945
떨어진다는,1106,9,9954
취한,1107,9,9963
정해야,1108,9,9972
나갈,1109,9,9981
벗어날,1110,9,9990
밝힘,1111,9,9999
변했,1112,9,10008
피할,1113,9,10017
두드려,1114,9,10026
그,1115,9,10035
끌어올린,1116,9,10044
끌어내,1117,9,10053
날아가,1118,9,10062
부름,1119,9,10071
차려진,1120,9,10080
불렸,1121,8,8968
지켜봐야,1122,8,8976
몰릴,1123,8,8984
알린다,1124,8,8992
벌인,1125,8,9000
꿰뚫,1126,8,9008
옮겼,1127,8,9016
몰랐,1128,8,9024
갖춰져,1129,8,9032
둔다,1130,8,9040
고,1131,8,9048
섞인,1132,8,9056
됨,1133,8,9064
떴,1134,8,9072
상하,1135,8,9080
지녔,1136,8,9088
강했,1137,8,9096
가려,1138,8,9104
가로막,1139,8,9112
다투,1140,8,9120
꾀한다,1141,8,9128
다듬,1142,8,9136
벼르,1143,8,9144
이뤄지기,1144,8,9152
선다,1145,8,9160
뿌리,1146,8,9168
쪼개,1147,8,9176
기하,1148,8,9184
재,1149,8,9192
기울여야,1150,8,9200
고치,1151,8,9208
주된,1152,8,9216
펼,1153,8,9224
살펴,1154,8,9232
내줬,1155,8,9240
지르,1156,8,9248
쳤,1157,8,9256
다,1158,8,9264
밝혀내,1159,8,9272
넓혔,1160,8,9280
할지,1161,8,9288
알려줘,1162,8,9296
참,1163,8,9304
불거지,1164,8,9312
이긴,1165,8,9320
받아들여,1166,8,9328
답했,1167,8,9336
및,1168,8,9344
엇갈리,1169,8,9352
붙였,1170,8,9360
넘보,1171,8,9368
잡혀,1172,8,9376
입힌,1173,8,9384
만든다,1174,8,9392
가져왔,1175,8,9400
밑돌,1176,8,9408
그랬,1177,8,9416
변함,1178,8,9424
나눠서,1179,8,9432
미룰,1180,8,9440
일으켜,1181,8,9448
줄인다,1182,8,9456
맞물리,1183,8,9464
구할,1184,8,9472
이겼,1185,8,9480
뛸,1186,8,9488
빠져나가,1187,8,9496
패,1188,8,9504
클수록,1189,8,9512
뒤흔들,1190,8,9520
채운,1191,8,9528
앞섰,1192,8,9536
거친다,1193,8,9544
올라갈,1194,8,9552
나옵니다,1195,8,9560
휩쓸,1196,8,9568
올라왔,1197,8,9576
일컫,1198,8,9584
알아냈,1199,8,9592
불붙,1200,8,9600
모였,1201,8,9608
밀렸,1202,8,9616
생겨,1203,8,9624
달릴,1204,8,9632
들인,1205,8,9640
없앤다,1206,8,9648
비트,1207,8,9656
표했,1208,8,9664
알려야,1209,8,9672
차렸,1210,8,9680
도와줘,1211,8,9688
흩뿌려,1212,8,9696
번쩍이,1213,8,9704
밸,1214,8,9712
곁들인,1215,8,9720
나타납니다,1216,7,8512
오르내리,1217,7,8519
허물어지,1218,7,8526
지켜볼,1219,7,8533
올라갔,1220,7,8540
향한다,1221,7,8547
통한다,1222,7,8554
떠,1223,7,8561
넘나들,1224,7,8568
눈여겨볼,1225,7,8575
견줄,1226,7,8582
띠,1227,7,8589
풀렸,1228,7,8596
임하,1229,7,8603
드러난다,1230,7,8610
지킬,1231,7,8617
파고들,1232,7,8624
따른다,1233,7,8631
숨겨진,1234,7,8638
늘려야,1235,7,8645
퍼,1236,7,8652
머무,1237,7,8659
넓혀갈,1238,7,8666
대하,1239,7,8673
꾸민다,1240,7,8680
앞당기,1241,7,8687
이을,1242,7,8694
본다면,1243,7,8701
실리,1244,7,8708
점쳐졌,1245,7,8715
가릴,1246,7,8722
취해야,1247,7,8729
모를,1248,7,8736
눌렀,1249,7,8743
쏟아질,1250,7,8750
찾아왔,1251,7,8757
잘라,1252,7,8764
돌려받,1253,7,8771
끝날,1254,7,8778
난다,1255,7,8785
줄여야,1256,7,8792
박,1257,7,8799
배운,1258,7,8806
뒤쫓,1259,7,8813
속한다,1260,7,8820
펴낸,1261,7,8827
해냈,1262,7,8834
내다본,1263,7,8841
맞닿,1264,7,8848
겸한다,1265,7,8855
멈췄,1266,7,8862
끝냈,1267,7,8869
어우러진,1268,7,8876
탔,1269,7,8883
건너,1270,7,8890
이러,1271,7,8897
몰린,1272,7,8904
필,1273,7,8911
거슬러,1274,7,8918
숨기,1275,7,8925
꾸렸,1276,7,8932
선보인다는,1277,7,8939
세울,1278,7,8946
기울였,1279,7,8953
뭉쳐,1280,7,8960
다룬다,1281,7,8967
일궈,1282,7,8974
합하,1283,7,8981
피어나,1284,7,8988
켰,1285,7,8995
일구,1286,7,9002
쌓여,1287,7,9009
걸러,1288,7,9016
키운다,1289,7,9023
납니다,1290,7,9030
떠오른다,1291,7,9037
갖췄으며,1292,7,9044
가해,1293,7,9051
버려야,1294,7,9058
보탬,1295,7,9065
따를,1296,7,9072
늦출,1297,7,9079
돌봄,1298,7,9086
시달렸,1299,7,9093
면치,1300,7,9100
뽐내,1301,7,9107
돌아갔,1302,7,9114
보낸다,1303,7,9121
내세운다,1304,7,9128
쌓인,1305,7,9135
돌아온,1306,7,9142
가꾸,1307,7,9149
않,1308,7,9156
극한,1309,7,9163
풀어내,1310,7,9170
그렸,1311,7,9177
이루어진다,1312,7,9184
넘어지,1313,7,9191
늘린다는,1314,7,9198
처해,1315,7,9205
늦춰질,1316,7,9212
가려져,1317,7,9219
굽,1318,7,9226
뛰어드,1319,7,9233
쌓았,1320,7,9240
맛보,1321,7,9247
여닫,1322,7,9254
치워,1323,7,9261
좋아할,1324,7,9268
늦춰,1325,7,9275
비움,1326,7,9282
끓,1327,7,9289
지날,1328,6,7968
지켜야,1329,6,7974
맞춰져,1330,6,7980
일어난다는,1331,6,7986
불러일으킬,1332,6,7992
온다,1333,6,7998
택하,1334,6,8004
잡아내,1335,6,8010
꺼냈,1336,6,8016
버금가,1337,6,8022
치렀,1338,6,8028
봐,1339,6,8034
앉힌,1340,6,8040
채운다,1341,6,8046
지켜본,1342,6,8052
맡겨,1343,6,8058
돌렸,1344,6,8064
노릴,1345,6,8070
나아간,1346,6,8076
누워,1347,6,8082
다녀왔,1348,6,8088
바꾼다,1349,6,8094
거스를,1350,6,8100
휩싸였,1351,6,8106
한해,1352,6,8112
들여다볼,1353,6,8118
내린다,1354,6,8124
실린,1355,6,8130
둬,1356,6,8136
관해서,1357,6,8142
견줘,1358,6,8148
굳히,1359,6,8154
갖춰졌,1360,6,8160
실릴,1361,6,8166
찌든,1362,6,8172
불려,1363,6,8178
굽히,1364,6,8184
꺼낼,1365,6,8190
쏠렸,1366,6,8196
애쓰,1367,6,8202
뽑혔,1368,6,8208
실린다,1369,6,8214
사라져,1370,6,8220
돌아간,1371,6,8226
찾아냈,1372,6,8232
쳐,1373,6,8238
보였으나,1374,6,8244
들렸,1375,6,8250
배워,1376,6,8256
뺏,1377,6,8262
터지,1378,6,8268
펼쳐졌,1379,6,8274
젖,1380,6,8280
다뤘,1381,6,8286
다져,1382,6,8292
변할,1383,6,8298
얹,1384,6,8304
도,1385,6,8310
머,1386,6,8316
지나치,1387,6,8322
충실하,1388,6,8328
둬야,1389,6,8334
뗐,1390,6,8340
변해야,1391,6,8346
낸다는,1392,6,8352
의해서,1393,6,8358
아낄,1394,6,8364
꾸려졌,1395,6,8370
칭했,1396,6,8376
죽이,1397,6,8382
만난다,1398,6,8388
누비,1399,6,8394
거듭났,1400,6,8400
떨어뜨리,1401,6,8406
남겨,1402,6,8412
작아지,1403,6,8418
주어지,1404,6,8424
안겨,1405,6,8430
올린다,1406,6,8436
덩달,1407,6,8442
들여오,1408,6,8448
내비친,1409,6,8454
매기,1410,6,8460
이어주,1411,6,8466
새겨,1412,6,8472
좋아하,1413,6,8478
꺼려,1414,6,8484
쉰,1415,6,8490
갈아타,1416,6,8496
친,1417,6,8502
쓰인,1418,6,8508
머물렀,1419,6,8514
빨아들이,1420,6,8520
쓴다는,1421,6,8526
누렸,1422,6,8532
피했,1423,6,8538
나돌,1424,6,8544
모아야,1425,6,8550
흔들렸,1426,6,8556
채웠,1427,6,8562
비쳤,1428,6,8568
넘어갔,1429,6,8574
기를,1430,6,8580
느껴질,1431,6,8586
칭하,1432,6,8592
견디,1433,6,8598
밝혀진,1434,6,8604
벌여,1435,6,8610
자랐,1436,6,8616
채워,1437,6,8622
비추,1438,6,8628
나타낸,1439,6,8634
눈여겨,1440,6,8640
넘어갈,1441,6,8646
꺼져도,1442,6,8652
당기,1443,6,8658
정할,1444,6,8664
여겨진다,1445,6,8670
될까,1446,6,8676
맡겼,1447,6,8682
끌어들일,1448,6,8688
좁히,1449,6,8694
날려버려,1450,6,8700
그친다,1451,6,8706
불린,1452,6,8712
내세울,1453,6,8718
벌어들이,1454,6,8724
날아다니,1455,6,8730
살아나,1456,6,8736
내려가,1457,6,8742
띄운다,1458,6,8748
보태,1459,6,8754
알아들,1460,6,8760
올라와,1461,6,8766
몰라,1462,6,8772
잠그,1463,6,8778
변한다,1464,6,8784
모른다는,1465,6,8790
따랐,1466,6,8796
해치,1467,6,8802
나눌수록,1468,6,8808
녹아내리,1469,6,8814
맞춰서,1470,6,8820
끌어올려,1471,6,8826
뚫린,1472,6,8832
떨림,1473,6,8838
이뤄지면,1474,6,8844
날아갈,1475,6,8850
데이,1476,6,8856
설렘,1477,6,8862
쏠려,1478,5,7390
띄웠,1479,5,7395
달아올랐,1480,5,7400
불어오,1481,5,7405
익혀,1482,5,7410
낀,1483,5,7415
녹아든,1484,5,7420
뻗,1485,5,7425
기다려야,1486,5,7430
박차,1487,5,7435
끼얹,1488,5,7440
패했,1489,5,7445
다녔,1490,5,7450
산다,1491,5,7455
접한,1492,5,7460
나올지,1493,5,7465
몰아주,1494,5,7470
울렸,1495,5,7475
깼,1496,5,7480
기울인다,1497,5,7485
가해야,1498,5,7490
뒤처진,1499,5,7495
서둘러야,1500,5,7500
드러낸다,1501,5,7505
갈리,1502,5,7510
옮긴다,1503,5,7515
모인다,1504,5,7520
띄울,1505,5,7525
나타냈으며,1506,5,7530
끌어들이,1507,5,7535
담아냈,1508,5,7540
턴,1509,5,7545
두드러졌,1510,5,7550
덮친,1511,5,7555
끌어올려야,1512,5,7560
싸인,1513,5,7565
밝아지,1514,5,7570
키워서,1515,5,7575
파일,1516,5,7580
불거졌,1517,5,7585
취한다,1518,5,7590
스며들,1519,5,7595
무,1520,5,7600
뿜어내,1521,5,7605
기다렸,1522,5,7610
찾아와,1523,5,7615
발맞추,1524,5,7620
쉐,1525,5,7625
두드러진다,1526,5,7630
번,1527,5,7635
들으며,1528,5,7640
멈춰,1529,5,7645
당할,1530,5,7650
공들여,1531,5,7655
놨,1532,5,7660
지울,1533,5,7665
써서,1534,5,7670
미뤘,1535,5,7675
이끌어냈,1536,5,7680
태어났,1537,5,7685
들어선다,1538,5,7690
일어난다,1539,5,7695
벌인다,1540,5,7700
밀려오,1541,5,7705
따돌렸,1542,5,7710
물리치,1543,5,7715
사들인,1544,5,7720
나아질,1545,5,7725
늘어날수록,1546,5,7730
사들였,1547,5,7735
꾸며,1548,5,7740
그려진,1549,5,7745
여긴다면,1550,5,7750
힘줘,1551,5,7755
두드러지,1552,5,7760
쫓,1553,5,7765
따라올,1554,5,7770
만든다면,1555,5,7775
뿌려,1556,5,7780
따왔,1557,5,7785
빛낸,1558,5,7790
원치,1559,5,7795
풍기,1560,5,7800
강하,1561,5,7805
매겨,1562,5,7810
다진,1563,5,7815
넘어오,1564,5,7820
옮겨갈,1565,5,7825
낮춘다,1566,5,7830
녹여,1567,5,7835
만,1568,5,7840
생각나,1569,5,7845
새,1570,5,7850
빠질,1571,5,7855
번갈,1572,5,7860
섞,1573,5,7865
미친다는,1574,5,7870
태운,1575,5,7875
끼친,1576,5,7880
거듭날,1577,5,7885
터,1578,5,7890
댄,1579,5,7895
쳐다보,1580,5,7900
울린다,1581,5,7905
개,1582,5,7910
답한,1583,5,7915
떠난다,1584,5,7920
익힐,1585,5,7925
밀려드,1586,5,7930
챙길,1587,5,7935
물리,1588,5,7940
살펴야,1589,5,7945
뽐낸다,1590,5,7950
부,1591,5,7955
꺼리,1592,5,7960
어우러지,1593,5,7965
놓였,1594,5,7970
찌,1595,5,7975
찾아낼,1596,5,7980
펼친,1597,5,7985
설치,1598,5,7990
기울인다는,1599,5,7995
속했,1600,5,8000
흘러나오,1601,5,8005
들어온다,1602,5,8010
이뤄지며,1603,5,8015
꺼지,1604,5,8020
알아낼,1605,5,8025
휘어지,1606,5,8030
맡길,1607,5,8035
놓쳤,1608,5,8040
트인,1609,5,8045
따라간다,1610,5,8050
트여,1611,5,8055
좁혀,1612,5,8060
어긋나,1613,5,8065
들러,1614,5,8070
맞설,1615,5,8075
굳힌다,1616,5,8080
터진,1617,5,8085
접히,1618,5,8090
다뤄,1619,5,8095
다가섰,1620,5,8100
일컬,1621,5,8105
뽐냈,1622,5,8110
눈여겨보,1623,5,8115
맞춰야,1624,5,8120
바리,1625,5,8125
묻혀,1626,5,8130
구했,1627,5,8135
그만두,1628,5,8140
늘어남,1629,5,8145
이라,1630,5,8150
느껴진다,1631,5,8155
자라,1632,5,8160
틀렸,1633,5,8165
입혀,1634,5,8170
깨달,1635,5,8175
긁,1636,5,8180
드렸,1637,5,8185
갈라,1638,5,8190
뒤이,1639,5,8195
부여받,1640,5,8200
꿇,1641,5,8205
됐으며,1642,5,8210
비해서,1643,5,8215
치러,1644,5,8220
대리,1645,5,8225
젓,1646,5,8230
데워,1647,5,8235
내려야,1648,5,8240
내려졌,1649,5,8245
치러진다,1650,5,8250
춤추,1651,5,8255
둘러봤,1652,5,8260
잡아당겨,1653,5,8265
잡아당기,1654,5,8270
박힌,1655,4,6620
주저앉,1656,4,6624
뛰어나,1657,4,6628
붙잡,1658,4,6632
챙겨,1659,4,6636
적혀,1660,4,6640
고른,1661,4,6644
가져,1662,4,6648
맞춰진,1663,4,6652
논하,1664,4,6656
한해서,1665,4,6660
몰아넣,1666,4,6664
짜여진,1667,4,6668
돌아간다,1668,4,6672
걸으면서,1669,4,6676
털어놨,1670,4,6680
터졌,1671,4,6684
생겨서,1672,4,6688
겨룰,1673,4,6692
묶여,1674,4,6696
이어받,1675,4,6700
당해,1676,4,6704
끝낸,1677,4,6708
달아오른다,1678,4,6712
이뤄지도록,1679,4,6716
마칠,1680,4,6720
모일수록,1681,4,6724
걸린다는,1682,4,6728
다녀온,1683,4,6732
나온다는,1684,4,6736
꼽힌,1685,4,6740
끼워,1686,4,6744
곤두세우,1687,4,6748
되새기,1688,4,6752
엎친,1689,4,6756
매달릴,1690,4,6760
거,1691,4,6764
일궈낼,1692,4,6768
왓,1693,4,6772
원한다,1694,4,6776
접어드,1695,4,6780
이어진다면,1696,4,6784
흔들릴,1697,4,6788
들어간다고,1698,4,6792
꾸밀,1699,4,6796
줄여서,1700,4,6800
까,1701,4,6804
지폈,1702,4,6808
이룬다,1703,4,6812
일으킨다,1704,4,6816
모아진다,1705,4,6820
궈,1706,4,6824
기다려,1707,4,6828
디딜,1708,4,6832
보내왔,1709,4,6836
흘러가,1710,4,6840
드립니다,1711,4,6844
준다는,1712,4,6848
배운다,1713,4,6852
피해야,1714,4,6856
지워,1715,4,6860
매달린,1716,4,6864
올라탔,1717,4,6868
괴롭히,1718,4,6872
댔,1719,4,6876
나와야,1720,4,6880
허덕이,1721,4,6884
불러일으킨,1722,4,6888
날릴,1723,4,6892
쓰여,1724,4,6896
낼지,1725,4,6900
다가온다,1726,4,6904
얽힘,1727,4,6908
이뤄지던,1728,4,6912
뒤처졌,1729,4,6916
저물,1730,4,6920
쫓아가,1731,4,6924
달한,1732,4,6928
부딪혀,1733,4,6932
모아진,1734,4,6936
제친,1735,4,6940
뒤처질,1736,4,6944
넓힌다,1737,4,6948
뒤집혔,1738,4,6952
묶인,1739,4,6956
보였으며,1740,4,6960
불러오,1741,4,6964
빌리,1742,4,6968
세워야,1743,4,6972
힘써,1744,4,6976
끼칠,1745,4,6980
느껴졌,1746,4,6984
걷어붙였,1747,4,6988
데리,1748,4,6992
앞당겨질,1749,4,6996
요동치,1750,4,7000
떨어져도,1751,4,7004
아우를,1752,4,7008
달린다,1753,4,7012
견딜,1754,4,7016
외쳤,1755,4,7020
꺼낸,1756,4,7024
챙긴,1757,4,7028
걸어도,1758,4,7032
힘주,1759,4,7036
어기,1760,4,7040
엿보인다,1761,4,7044
꾸려져,1762,4,7048
튕기,1763,4,7052
뛰어다니,1764,4,7056
밀어내,1765,4,7060
깰,1766,4,7064
튀어나오,1767,4,7068
시켜,1768,4,7072
무찌르,1769,4,7076
칸,1770,4,7080
발매되,1771,4,7084
덴,1772,4,7088
지운,1773,4,7092
읽힌다,1774,4,7096
끝났,1775,4,7100
늙,1776,4,7104
미,1777,4,7108
바꾼다는,1778,4,7112
모을,1779,4,7116
도왔,1780,4,7120
모리,1781,4,7124
찍힌다,1782,4,7128
꾀한,1783,4,7132
먹히,1784,4,7136
끌어낼,1785,4,7140
돌보,1786,4,7144
나눈다,1787,4,7148
나눈,1788,4,7152
발맞춘,1789,4,7156
나간,1790,4,7160
실려,1791,4,7164
깨워,1792,4,7168
갖춘다,1793,4,7172
내놔,1794,4,7176
가르쳐,1795,4,7180
치른다,1796,4,7184
풀린,1797,4,7188
나아지,1798,4,7192
그럴,1799,4,7196
세워진,1800,4,7200
드러낼,1801,4,7204
잡힐,1802,4,7208
건드리,1803,4,7212
그린다,1804,4,7216
다져온,1805,4,7220
빗,1806,4,7224
내려다보,1807,4,7228
비와,1808,4,7232
세운다,1809,4,7236
누른,1810,4,7240
빚어내,1811,4,7244
붐볐,1812,4,7248
치르,1813,4,7252
채울,1814,4,7256
트이,1815,4,7260
가르,1816,4,7264
쏟아집니다,1817,4,7268
지나갑니다,1818,4,7272
휩쓴,1819,4,7276
빗댄,1820,4,7280
탄다,1821,4,7284
돋보였,1822,4,7288
컬,1823,4,7292
깨닫,1824,4,7296
들른,1825,4,7300
앞질러,1826,4,7304
허무,1827,4,7308
맡겨야,1828,4,7312
불러내,1829,4,7316
다가갔,1830,4,7320
반짝이,1831,4,7324
준다고,1832,4,7328
앞장선다,1833,4,7332
원했,1834,4,7336
힘썼,1835,4,7340
헐,1836,4,7344
힘써왔,1837,4,7348
응하,1838,4,7352
내주,1839,4,7356
생긴다는,1840,4,7360
구부리,1841,4,7364
얽매이,1842,4,7368
노렸,1843,4,7372
밀려났,1844,4,7376
시킨,1845,4,7380
불러야,1846,4,7384
밀어주,1847,4,7388
발하,1848,4,7392
점쳤,1849,4,7396
건드려,1850,4,7400
떠다니,1851,4,7404
감춰져,1852,4,7408
밝혀낸,1853,4,7412
켜진,1854,4,7416
막힐,1855,4,7420
가했,1856,4,7424
지치,1857,4,7428
챙겨야,1858,4,7432
몰아치,1859,4,7436
고쳐,1860,4,7440
안겼,1861,4,7444
함,1862,4,7448
앞장선다고,1863,4,7452
끌어냈,1864,4,7456
맞히,1865,4,7460
나타낸다,1866,4,7464
모른다고,1867,4,7468
영글,1868,4,7472
베끼,1869,4,7476
들일,1870,4,7480
다다른,1871,4,7484
벤,1872,4,7488
펼쳐왔,1873,4,7492
물어야,1874,4,7496
택한,1875,4,7500
무너진,1876,4,7504
데려다,1877,4,7508
말리,1878,4,7512
눌리,1879,4,7516
잃어버려도,1880,4,7520
꿈꿔,1881,4,7524
줄임,1882,4,7528
웃도,1883,4,7532
흘려서,1884,4,7536
밝혀낼,1885,4,7540
흐리,1886,4,7544
내디딘,1887,4,7548
끝난다,1888,4,7552
잠김,1889,4,7556
뛰어왔,1890,4,7560
정해져,1891,4,7564
늦춰진,1892,4,7568
메웠,1893,4,7572
가로지르,1894,3,5682
불어났,1895,3,5685
태워,1896,3,5688
감싼,1897,3,5691
불거질,1898,3,5694
처진다,1899,3,5697
지쳐,1900,3,5700
띤다,1901,3,5703
막혀,1902,3,5706
고를,1903,3,5709
날아오,1904,3,5712
섣부른,1905,3,5715
폈,1906,3,5718
밀어붙이,1907,3,5721
샘솟,1908,3,5724
빚어진,1909,3,5727
오래가,1910,3,5730
놀란,1911,3,5733
잡아먹,1912,3,5736
합쳐질,1913,3,5739
깨운다,1914,3,5742
엿보이,1915,3,5745
내려앉,1916,3,5748
내려간,1917,3,5751
돌아온다,1918,3,5754
바라볼,1919,3,5757
뒤떨어지,1920,3,5760
택할,1921,3,5763
숨겨,1922,3,5766
퍼진,1923,3,5769
민,1924,3,5772
쓸수록,1925,3,5775
여긴다,1926,3,5778
쌓였,1927,3,5781
뜯,1928,3,5784
변해,1929,3,5787
보여줄지,1930,3,5790
더한다,1931,3,5793
앞질렀,1932,3,5796
담길,1933,3,5799
이뤄진다면,1934,3,5802
내려질,1935,3,5805
도우,1936,3,5808
유한,1937,3,5811
지닌다,1938,3,5814
다녀올,1939,3,5817
뒤흔든,1940,3,5820
정해진다,1941,3,5823
생겨난,1942,3,5826
생겨날,1943,3,5829
해낼,1944,3,5832
앞당긴다,1945,3,5835
돌려야,1946,3,5838
구부릴,1947,3,5841
다가설,1948,3,5844
흘렀,1949,3,5847
맞춰졌,1950,3,5850
뿜,1951,3,5853
시달리,1952,3,5856
일궈낸,1953,3,5859
기르,1954,3,5862
선뵌다,1955,3,5865
들어줄,1956,3,5868
원할,1957,3,5871
되돌아보,1958,3,5874
돌아설,1959,3,5877
돌릴,1960,3,5880
슬,1961,3,5883
맞섰,1962,3,5886
일삼,1963,3,5889
치닫,1964,3,5892
나아갑시다,1965,3,5895
살려야,1966,3,5898
벌어진다,1967,3,5901
무너뜨리,1968,3,5904
빛낼,1969,3,5907
버텨,1970,3,5910
휘말린,1971,3,5913
나타났으며,1972,3,5916
매긴다,1973,3,5919
떠올라,1974,3,5922
받아들여졌,1975,3,5925
끌어들였,1976,3,5928
파고드,1977,3,5931
파헤치,1978,3,5934
해칠,1979,3,5937
달군,1980,3,5940
이어집니다,1981,3,5943
튕겨,1982,3,5946
배워야,1983,3,5949
보탠다,1984,3,5952
옮겨서,1985,3,5955
따졌,1986,3,5958
겹쳐,1987,3,5961
꾸릴,1988,3,5964
입혔,1989,3,5967
담기,1990,3,5970
넘어간,1991,3,5973
이랬,1992,3,5976
달굴,1993,3,5979
태울,1994,3,5982
내려갈,1995,3,5985
물어봐,1996,3,5988
입힐,1997,3,5991
우,1998,3,5994
휩싸이,1999,3,5997
문제삼,2000,3,6000
맡긴,2001,3,6003
둔다는,2002,3,6006
메이,2003,3,6009
커서,2004,3,6012
빼닮,2005,3,6015
올린다는,2006,3,6018
밝힌다,2007,3,6021
처했,2008,3,6024
구부러지,2009,3,6027
펼쳐져,2010,3,6030
엇갈린다,2011,3,6033
덧씌우,2012,3,6036
통할,2013,3,6039
다시,2014,3,6042
다툴,2015,3,6045
켜진다,2016,3,6048
건넨다,2017,3,6051
끝났으며,2018,3,6054
짠,2019,3,6057
모일,2020,3,6060
받아들여서,2021,3,6063
벌어져,2022,3,6066
떠안,2023,3,6069
말미암,2024,3,6072
내몰린,2025,3,6075
불러들이,2026,3,6078
줘,2027,3,6081
다질,2028,3,6084
칭할,2029,3,6087
잠겨버린,2030,3,6090
건넨,2031,3,6093
지나갈,2032,3,6096
휠,2033,3,6099
일어납니다,2034,3,6102
잇따른,2035,3,6105
문,2036,3,6108
꺼,2037,3,6111
휘둘리,2038,3,6114
올라타,2039,3,6117
부딪히,2040,3,6120
인하,2041,3,6123
따돌리,2042,3,6126
칭한다,2043,3,6129
감,2044,3,6132
원한,2045,3,6135
붙여진,2046,3,6138
이어진다는,2047,3,6141
돌이켜,2048,3,6144
합쳐서,2049,3,6147
녹아드,2050,3,6150
기억나,2051,3,6153
구르,2052,3,6156
했으니,2053,3,6159
설레,2054,3,6162
빠져들,2055,3,6165
시킬,2056,3,6168
몰라서,2057,3,6171
꾸짖,2058,3,6174
들으면,2059,3,6177
펼친다는,2060,3,6180
올려서,2061,3,6183
꼬이,2062,3,6186
내려오,2063,3,6189
만지,2064,3,6192
질,2065,3,6195
바뀜,2066,3,6198
마,2067,3,6201
감돌,2068,3,6204
뺏기,2069,3,6207
내보낸다,2070,3,6210
까먹,2071,3,6213
접힌,2072,3,6216
찢,2073,3,6219
주름잡,2074,3,6222
가다듬,2075,3,6225
잃어버린,2076,3,6228
휘말리,2077,3,6231
무너졌,2078,3,6234
뭉쳐서,2079,3,6237
앞장선다는,2080,3,6240
튼,2081,3,6243
돌려놓,2082,3,6246
닫혀,2083,3,6249
깨어나,2084,3,6252
돼서,2085,3,6255
올라갑니다,2086,3,6258
뜯어고치,2087,3,6261
손꼽,2088,3,6264
다진다는,2089,3,6267
보살핌,2090,3,6270
일어설,2091,3,6273
돌아와,2092,3,6276
미쳐,2093,3,6279
거둬,2094,3,6282
새기,2095,3,6285
잡혔,2096,3,6288
마셨,2097,3,6291
걸어온,2098,3,6294
뺀,2099,3,6297
안단,2100,3,6300
몰려오,2101,3,6303
켜졌,2102,3,6306
뺐,2103,3,6309
헤아릴,2104,3,6312
마친다,2105,3,6315
맞대,2106,3,6318
깔린,2107,3,6321
부리,2108,3,6324
봐서,2109,3,6327
멈춤,2110,3,6330
결정짓,2111,3,6333
사라집니다,2112,3,6336
보듬,2113,3,6339
끌어올린다는,2114,3,6342
끌어들여,2115,3,6345
빠뜨리,2116,3,6348
뽑아낼,2117,3,6351
택해,2118,3,6354
태,2119,3,6357
튀어나온,2120,3,6360
기,2121,3,6363
펼쳐집니다,2122,3,6366
얕보,2123,3,6369
기리,2124,3,6372
끊겼,2125,3,6375
끼우,2126,3,6378
쥔,2127,3,6381
붙여서,2128,3,6384
튀어나와,2129,3,6387
뽐낼,2130,3,6390
전해진,2131,3,6393
바뀐다,2132,3,6396
들어맞,2133,3,6399
돌아올,2134,3,6402
맞아떨어졌,2135,3,6405
애써,2136,3,6408
되살려,2137,3,6411
널려,2138,3,6414
버틸,2139,3,6417
캘,2140,3,6420
무르익,2141,3,6423
토했,2142,3,6426
뽑히,2143,3,6429
인지,2144,3,6432
좁혀졌,2145,3,6435
흩어져,2146,3,6438
받쳐,2147,3,6441
파헤쳐,2148,3,6444
쓴다면,2149,3,6447
가져온다,2150,3,6450
들여올,2151,3,6453
재하,2152,3,6456
밝혔으며,2153,3,6459
미뤄졌,2154,3,6462
지진다,2155,3,6465
갈라지,2156,3,6468
본뜬,2157,3,6471
머문,2158,3,6474
분,2159,3,6477
부딪쳤,2160,3,6480
판다,2161,3,6483
담아낼,2162,3,6486
퍼진다,2163,3,6489
비껴,2164,3,6492
잇따를,2165,3,6495
보여온,2166,3,6498
깬,2167,3,6501
난다고,2168,3,6504
졌,2169,3,6507
나눠져,2170,3,6510
뗄,2171,3,6513
이른다고,2172,3,6516
누린다,2173,3,6519
불어나,2174,3,6522
올려놓,2175,3,6525
꾸린,2176,3,6528
여겨졌,2177,3,6531
상해,2178,3,6534
옥죄,2179,3,6537
꼽혀왔,2180,3,6540
뒤따른다,2181,3,6543
치를,2182,3,6546
밑도,2183,3,6549
반기,2184,3,6552
관하,2185,3,6555
이뤄져왔,2186,3,6558
미칠지,2187,3,6561
당하,2188,3,6564
찾아갈,2189,3,6567
둘러,2190,3,6570
지워진,2191,3,6573
부풀려,2192,3,6576
높임,2193,3,6579
늦춘,2194,3,6582
떨치,2195,3,6585
알려졌으나,2196,3,6588
남겨뒀,2197,3,6591
뺏긴,2198,3,6594
그럼,2199,3,6597
들려온다,2200,3,6600
남길,2201,3,6603
익혔,2202,3,6606
넘나드,2203,3,6609
가리킨다,2204,3,6612
맞힌,2205,3,6615
노,2206,3,6618
끊기,2207,3,6621
넓혀줄,2208,3,6624
찾아다닐,2209,3,6627
물려,2210,3,6630
무릅쓰,2211,3,6633
켤,2212,3,6636
늘려갈,2213,3,6639
떨어뜨렸,2214,3,6642
감췄,2215,3,6645
일으킨다는,2216,3,6648
떠오를지,2217,3,6651
흔들려,2218,3,6654
놓이,2219,3,6657
빨려,2220,3,6660
덧붙여,2221,3,6663
해왔으며,2222,3,6666
띈,2223,3,6669
아쉬웠,2224,3,6672
부풀,2225,3,6675
달아오르,2226,3,6678
뜰,2227,3,6681
꾀한다는,2228,3,6684
꿰,2229,3,6687
전한다,2230,3,6690
밀려난,2231,3,6693
도맡,2232,3,6696
이뤄졌으며,2233,3,6699
둘러본,2234,3,6702
빼앗긴,2235,3,6705
퍼뜨리,2236,3,6708
이루어질,2237,3,6711
기다린,2238,3,6714
뗀,2239,3,6717
깨지,2240,3,6720
이럴,2241,3,6723
좇,2242,3,6726
끼워서,2243,3,6729
자아냈,2244,3,6732
담긴다,2245,3,6735
담아낸,2246,3,6738
통했,2247,3,6741
걸어야,2248,3,6744
요하,2249,3,6747
이른,2250,3,6750
거르,2251,3,6753
아우른,2252,3,6756
고였,2253,3,6759
당겼,2254,3,6762
면했,2255,3,6765
켠다,2256,3,6768
가진다,2257,3,6771
뭉친,2258,3,6774
찼,2259,3,6777
잠들,2260,3,6780
터질,2261,3,6783
나와서,2262,3,6786
누루,2263,3,6789
묻어나,2264,3,6792
이어져야,2265,3,6795
녹이,2266,3,6798
가져와,2267,3,6801
고인,2268,3,6804
치아,2269,3,6807
구겨진,2270,3,6810
허,2271,3,6813
찰,2272,3,6816
더듬,2273,3,6819
들어서는,2274,3,6822
블,2275,3,6825
가져간다,2276,3,6828
차일,2277,3,6831
찾아낸,2278,3,6834
차린,2279,3,6837
사라져도,2280,3,6840
엇갈렸,2281,3,6843
맞닥뜨렸,2282,3,6846
올라선,2283,3,6849
메달리,2284,3,6852
세워져,2285,3,6855
빨,2286,3,6858
불렀,2287,3,6861
가져옴,2288,3,6864
뽐낸,2289,3,6867
들린,2290,3,6870
해요,2291,3,6873
드리우,2292,2,4584
넘친다,2293,2,4586
터뜨렸,2294,2,4588
저무,2295,2,4590
번지,2296,2,4592
벗길,2297,2,4594
채워져,2298,2,4596
모른,2299,2,4598
생겨난다,2300,2,4600
앞지를,2301,2,4602
열어젖히,2302,2,4604
꽃피워,2303,2,4606
받아들었,2304,2,4608
나아간다,2305,2,4610
뺄,2306,2,4612
빠져나갔,2307,2,4614
살핀,2308,2,4616
넘쳐,2309,2,4618
갈릴,2310,2,4620
기다릴,2311,2,4622
집,2312,2,4624
기뻐하,2313,2,4626
움직인,2314,2,4628
돌이킬,2315,2,4630
겸한,2316,2,4632
이뤄서,2317,2,4634
앉혔,2318,2,4636
놀랐,2319,2,4638
여겼,2320,2,4640
오리,2321,2,4642
알려왔,2322,2,4644
맞춰질,2323,2,4646
내준,2324,2,4648
조지,2325,2,4650
체할,2326,2,4652
그려야,2327,2,4654
생색내,2328,2,4656
사셨,2329,2,4658
물어볼,2330,2,4660
부딪힌,2331,2,4662
나설지,2332,2,4664
나타난다는,2333,2,4666
밀린,2334,2,4668
좁혀진,2335,2,4670
훔치,2336,2,4672
걸러낼,2337,2,4674
살펴볼까요,2338,2,4676
합쳤,2339,2,4678
찍히,2340,2,4680
부딪혔,2341,2,4682
숙였,2342,2,4684
마주쳤,2343,2,4686
녹인,2344,2,4688
담겨야,2345,2,4690
짜이,2346,2,4692
보여야,2347,2,4694
돌아서,2348,2,4696
뜨거워진다,2349,2,4698
원한다면,2350,2,4700
벗어났,2351,2,4702
빗나가,2352,2,4704
일궜,2353,2,4706
책임진다,2354,2,4708
엇갈려,2355,2,4710
목적,2356,2,4712
넘쳐나,2357,2,4714
줘야,2358,2,4716
지낸,2359,2,4718
올라설,2360,2,4720
적힌,2361,2,4722
샌,2362,2,4724
숨길,2363,2,4726
되물,2364,2,4728
부추긴다는,2365,2,4730
돌아선,2366,2,4732
끌어안,2367,2,4734
빗나갔,2368,2,4736
준하,2369,2,4738
튈,2370,2,4740
임해,2371,2,4742
없앤다는,2372,2,4744
다툼,2373,2,4746
마실,2374,2,4748
들린다,2375,2,4750
끌어올린다,2376,2,4752
옮겨야,2377,2,4754
물들였,2378,2,4756
두른,2379,2,4758
들어야,2380,2,4760
당겨,2381,2,4762
북적였,2382,2,4764
빌려서,2383,2,4766
따라야,2384,2,4768
커져,2385,2,4770
돌아봤,2386,2,4772
간다는,2387,2,4774
잡아가,2388,2,4776
뒤엉킨,2389,2,4778
썩,2390,2,4780
써왔,2391,2,4782
각지,2392,2,4784
불러서,2393,2,4786
여겨져,2394,2,4788
지켜오,2395,2,4790
벌리,2396,2,4792
내려진,2397,2,4794
얽히고설킨,2398,2,4796
호,2399,2,4798
가려내,2400,2,4800
나아졌,2401,2,4802
굴,2402,2,4804
무너질,2403,2,4806
가를,2404,2,4808
거둘지,2405,2,4810
달한다고,2406,2,4812
따온,2407,2,4814
지날수록,2408,2,4816
동떨어진,2409,2,4818
헷갈리,2410,2,4820
올렸으나,2411,2,4822
되돌린,2412,2,4824
따라다니,2413,2,4826
올랐으며,2414,2,4828
열립니다,2415,2,4830
졸린,2416,2,4832
몸부림치,2417,2,4834
따져서,2418,2,4836
밀려올,2419,2,4838
뒤엎,2420,2,4840
밀려나,2421,2,4842
꽃피우,2422,2,4844
다가선다,2423,2,4846
고하,2424,2,4848
펼쳐야,2425,2,4850
권하,2426,2,4852
살핀다,2427,2,4854
부딪쳐,2428,2,4856
모음,2429,2,4858
꾸며진,2430,2,4860
나섰으며,2431,2,4862
부딪친,2432,2,4864
구운,2433,2,4866
베이,2434,2,4868
달려라,2435,2,4870
분다,2436,2,4872
끼칠지,2437,2,4874
결,2438,2,4876
잠궈,2439,2,4878
저,2440,2,4880
떠받치,2441,2,4882
겹쳤,2442,2,4884
넘어왔,2443,2,4886
뒤처져,2444,2,4888
불태우,2445,2,4890
쪼그라들,2446,2,4892
저질렀,2447,2,4894
휘말릴,2448,2,4896
휘말렸,2449,2,4898
때,2450,2,4900
떨어뜨릴,2451,2,4902
응할,2452,2,4904
튀기,2453,2,4906
삐,2454,2,4908
튀어나왔,2455,2,4910
향해서,2456,2,4912
지새우,2457,2,4914
클,2458,2,4916
할까요,2459,2,4918
즐긴,2460,2,4920
막히,2461,2,4922
논할,2462,2,4924
데려왔,2463,2,4926
책임졌,2464,2,4928
일깨워,2465,2,4930
모릅니다,2466,2,4932
익힌,2467,2,4934
냈었,2468,2,4936
거쳐서,2469,2,4938
줍니다,2470,2,4940
불리울,2471,2,4942
날려,2472,2,4944
들어갑니다,2473,2,4946
들여서,2474,2,4948
싸울,2475,2,4950
닥치,2476,2,4952
밀려서,2477,2,4954
굴러가,2478,2,4956
나타난다고,2479,2,4958
놓칠,2480,2,4960
빨아들여,2481,2,4962
뿜어낸다,2482,2,4964
쌓인다,2483,2,4966
피울,2484,2,4968
올라야,2485,2,4970
두렵,2486,2,4972
들이받,2487,2,4974
돌봐,2488,2,4976
미뤄져,2489,2,4978
내보였,2490,2,4980
넘겨서,2491,2,4982
뛴,2492,2,4984
완,2493,2,4986
돌린,2494,2,4988
쪼,2495,2,4990
뿌리내리,2496,2,4992
부친,2497,2,4994
맛본,2498,2,4996
내보낸,2499,2,4998
달랬,2500,2,5000
맛볼,2501,2,5002
반하,2502,2,5004
할지라도,2503,2,5006
살아날,2504,2,5008
나뉜,2505,2,5010
파헤친다,2506,2,5012
이어질지,2507,2,5014
다뤄질,2508,2,5016
모시,2509,2,5018
어,2510,2,5020
싸매,2511,2,5022
잤,2512,2,5024
묵,2513,2,5026
잊혀진,2514,2,5028
움직여왔,2515,2,5030
요한다,2516,2,5032
알려졌었,2517,2,5034
향해야,2518,2,5036
꾀해야,2519,2,5038
내뿜,2520,2,5040
꼬인,2521,2,5042
떨어뜨린다는,2522,2,5044
권합니다,2523,2,5046
보냅니다,2524,2,5048
느껴져,2525,2,5050
타오르,2526,2,5052
보일지,2527,2,5054
되새겨야,2528,2,5056
달려온,2529,2,5058
째,2530,2,5060
마신,2531,2,5062
뒤쳐지,2532,2,5064
자른,2533,2,5066
줄어든다는,2534,2,5068
비해선,2535,2,5070
해낸다,2536,2,5072
떠날,2537,2,5074
였,2538,2,5076
꺼린다,2539,2,5078
깊어진다,2540,2,5080
꽂힌,2541,2,5082
들여온,2542,2,5084
꺾인,2543,2,5086
내줄,2544,2,5088
멈춘,2545,2,5090
드러날,2546,2,5092
뽑아내,2547,2,5094
잡아먹히,2548,2,5096
맞춘다는,2549,2,5098
돼요,2550,2,5100
흘러나온다,2551,2,5102
매달렸,2552,2,5104
배웠,2553,2,5106
가르친다,2554,2,5108
주어져,2555,2,5110
짤,2556,2,5112
짝짓,2557,2,5114
쳐져,2558,2,5116
쏟아진다는,2559,2,5118
잰,2560,2,5120
쟀,2561,2,5122
들떠,2562,2,5124
비꼬,2563,2,5126
불립니다,2564,2,5128
내뱉,2565,2,5130
끊겨,2566,2,5132
풀어낼,2567,2,5134
바쳤,2568,2,5136
산다면,2569,2,5138
뒤따라야,2570,2,5140
미뤄진,2571,2,5142
받치,2572,2,5144
엮,2573,2,5146
짧아진다,2574,2,5148
갇혀,2575,2,5150
마쳤으며,2576,2,5152
태어날,2577,2,5154
밝혔으나,2578,2,5156
벌어들였,2579,2,5158
높여줘,2580,2,5160
올려도,2581,2,5162
잦아지,2582,2,5164
굶주린,2583,2,5166
되돌릴,2584,2,5168
섞이,2585,2,5170
밀어붙일,2586,2,5172
잡힌다,2587,2,5174
깜빡이,2588,2,5176
털어놓,2589,2,5178
했으나,2590,2,5180
고장나,2591,2,5182
가른다,2592,2,5184
뒤떨어진다고,2593,2,5186
해선,2594,2,5188
흩어진,2595,2,5190
빠져서,2596,2,5192
반길,2597,2,5194
넘어선다,2598,2,5196
불러일으키,2599,2,5198
물리칠,2600,2,5200
다져왔,2601,2,5202
구한,2602,2,5204
불러온,2603,2,5206
끌어온,2604,2,5208
면하,2605,2,5210
뒤따를,2606,2,5212
소리치,2607,2,5214
던져,2608,2,5216
내려와,2609,2,5218
집어넣,2610,2,5220
겸하,2611,2,5222
훑어보,2612,2,5224
난다는,2613,2,5226
보일까,2614,2,5228
살아난,2615,2,5230
든다고,2616,2,5232
보여서,2617,2,5234
다가선,2618,2,5236
내보냈,2619,2,5238
헤맬,2620,2,5240
지켜줄,2621,2,5242
피해온,2622,2,5244
벌여왔,2623,2,5246
바라봤,2624,2,5248
갇힌,2625,2,5250
깔렸,2626,2,5252
멜,2627,2,5254
벌거벗,2628,2,5256
달아나,2629,2,5258
떠돌,2630,2,5260
젖혀지,2631,2,5262
말린다,2632,2,5264
엮이,2633,2,5266
끕니다,2634,2,5268
들어와서,2635,2,5270
놔두,2636,2,5272
내려갔,2637,2,5274
접혀,2638,2,5276
겨뤄,2639,2,5278
꺾여,2640,2,5280
늘일,2641,2,5282
치이,2642,2,5284
번다고,2643,2,5286
뒤따라오,2644,2,5288
숨졌,2645,2,5290
잠글,2646,2,5292
받아들여져,2647,2,5294
나눠진,2648,2,5296
움직일지,2649,2,5298
엉키,2650,2,5300
지냈으며,2651,2,5302
이루어져,2652,2,5304
빗나갈,2653,2,5306
퍼졌,2654,2,5308
깨어난,2655,2,5310
잇따랐,2656,2,5312
빼내,2657,2,5314
뒤집히,2658,2,5316
도운,2659,2,5318
펼쳐진,2660,2,5320
말랐,2661,2,5322
받아들여야,2662,2,5324
해냅니다,2663,2,5326
바뀝니다,2664,2,5328
가려낼,2665,2,5330
커져야,2666,2,5332
높였으며,2667,2,5334
이상,2668,2,5336
합쳐져,2669,2,5338
가리키,2670,2,5340
알려진다,2671,2,5342
끼어들,2672,2,5344
구겨졌,2673,2,5346
펴져,2674,2,5348
뚫렸,2675,2,5350
꺼진다,2676,2,5352
녹아들,2677,2,5354
합쳐진,2678,2,5356
취한다는,2679,2,5358
달려오,2680,2,5360
돈다,2681,2,5362
끼워져,2682,2,5364
메워야,2683,2,5366
기울인,2684,2,5368
끌어왔,2685,2,5370
내릴지,2686,2,5372
일으킴,2687,2,5374
볼까,2688,2,5376
펴냄,2689,2,5378
흘러,2690,2,5380
점찍,2691,2,5382
끊임,2692,2,5384
찾아낸다,2693,2,5386
번질,2694,2,5388
밝혀왔,2695,2,5390
누를,2696,2,5392
댕겼,2697,2,5394
돌아볼,2698,2,5396
불러온다,2699,2,5398
빛내,2700,2,5400
띤,2701,2,5402
팔릴,2702,2,5404
책임져야,2703,2,5406
줘도,2704,2,5408
처지,2705,2,5410
깃들,2706,2,5412
내비치,2707,2,5414
늘어났으며,2708,2,5416
꿈꾼다,2709,2,5418
걸릴지,2710,2,5420
갈까,2711,2,5422
알아차리,2712,2,5424
돼왔,2713,2,5426
이뤄지게,2714,2,5428
모여들,2715,2,5430
맞물,2716,2,5432
앉히,2717,2,5434
나아갔,2718,2,5436
기우,2719,2,5438
갈고닦,2720,2,5440
받아들여진다,2721,2,5442
들어올,2722,2,5444
억눌리,2723,2,5446
비틀림,2724,2,5448
틔우,2725,2,5450
번졌,2726,2,5452
깨진,2727,2,5454
뒤덮였,2728,2,5456
뒤덮,2729,2,5458
잃어버릴,2730,2,5460
다치,2731,2,5462
건너갔,2732,2,5464
달궜,2733,2,5466
뒤따랐,2734,2,5468
임한,2735,2,5470
건너가,2736,2,5472
둘러싸인,2737,2,5474
이룬다는,2738,2,5476
부서진,2739,2,5478
켠,2740,2,5480
누린,2741,2,5482
갑니다,2742,2,5484
그만뒀,2743,2,5486
가둔,2744,2,5488
선뵈,2745,2,5490
뵐,2746,2,5492
풀릴까,2747,2,5494
되가져,2748,2,5496
고한다,2749,2,5498
전해질,2750,2,5500
뒤따르,2751,2,5502
놓여진,2752,2,5504
풀어냈,2753,2,5506
해줌,2754,2,5508
팔렸으며,2755,2,5510
마른,2756,2,5512
갠,2757,2,5514
동,2758,2,5516
외친,2759,2,5518
모자란,2760,2,5520
돌려서,2761,2,5522
알아볼,2762,2,5524
돋보일,2763,2,5526
엿보,2764,2,5528
사리,2765,2,5530
남겨야,2766,2,5532
아쉬워하,2767,2,5534
빼낼,2768,2,5536
비인,2769,2,5538
선보여왔,2770,2,5540
꾸며졌,2771,2,5542
지녀,2772,2,5544
터져,2773,2,5546
힘써온,2774,2,5548
작아진,2775,2,5550
망가뜨리,2776,2,5552
변치,2777,2,5554
받아들인다,2778,2,5556
들릴,2779,2,5558
일렁이,2780,2,5560
때리,2781,2,5562
가져갔,2782,2,5564
생긴다면,2783,2,5566
뒤져,2784,2,5568
나르,2785,2,5570
졸,2786,2,5572
뒤진,2787,2,5574
따라붙,2788,2,5576
벨,2789,2,5578
퍼뜨릴,2790,2,5580
마주치,2791,2,5582
신,2792,2,5584
훑어봤,2793,2,5586
태어난다,2794,2,5588
되돌리,2795,2,5590
깨져,2796,2,5592
일으켜야,2797,2,5594
놀리,2798,2,5596
들뜬,2799,2,5598
선다면,2800,2,5600
줄여온,2801,2,5602
타진,2802,2,5604
받아들였,2803,2,5606
빌린,2804,2,5608
거느린,2805,2,5610
거스르,2806,2,5612
앞선다,2807,2,5614
가시,2808,2,5616
산단,2809,2,5618
걸쳐서,2810,2,5620
앞세우,2811,2,5622
이끈다는,2812,2,5624
느,2813,2,5626
더뎌,2814,2,5628
벌어들일,2815,2,5630
어쩌,2816,2,5632
에워싸,2817,2,5634
놓친,2818,2,5636
줄수록,2819,2,5638
메운,2820,2,5640
애쓴,2821,2,5642
나눠진다,2822,2,5644
튼다,2823,2,5646
불러일으켰,2824,2,5648
쏠린,2825,2,5650
꺼도,2826,2,5652
될까요,2827,2,5654
쓰러뜨리,2828,2,5656
눈치채,2829,2,5658
없앰,2830,2,5660
돌아다닐,2831,2,5662
가르키,2832,2,5664
보여진다,2833,2,5666
뭉쳤,2834,2,5668
새겨진,2835,2,5670
고일,2836,2,5672
어우러져,2837,2,5674
터뜨리,2838,2,5676
저지른,2839,2,5678
때린,2840,2,5680
잠든,2841,2,5682
차였,2842,2,5684
들어찼,2843,2,5686
알아본다,2844,2,5688
궁금해하,2845,2,5690
빗대,2846,2,5692
끼쳤,2847,2,5694
지켜졌,2848,2,5696
쥐어짜,2849,2,5698
날렸,2850,2,5700
엎,2851,2,5702
지질,2852,2,5704
넓힌,2853,2,5706
굳힐,2854,2,5708
기웃거리,2855,2,5710
질렀,2856,2,5712
뜬,2857,2,5714
내려간다,2858,2,5716
만졌,2859,2,5718
보여줌,2860,2,5720
부추길,2861,2,5722
작아졌,2862,2,5724
맡길지,2863,2,5726
내려온다,2864,2,5728
북적이,2865,2,5730
늘어선,2866,2,5732
새겨졌,2867,2,5734
속해,2868,2,5736
살필,2869,2,5738
장보,2870,2,5740
달립니다,2871,2,5742
갓난,2872,2,5744
됐으니,2873,2,5746
가른,2874,2,5748
느낀다면,2875,2,5750
매김함,2876,2,5752
찾아온다,2877,2,5754
가져다준다,2878,2,5756
들렀,2879,2,5758
버텨낼,2880,2,5760
뵙,2881,2,5762
지닐,2882,2,5764
앞세웠,2883,2,5766
살폈,2884,2,5768
모질라,2885,2,5770
나눠졌,2886,2,5772
내다본다,2887,2,5774
빛난다,2888,2,5776
나온지,2889,2,5778
꾸민,2890,2,5780
기다린다,2891,2,5782
건졌,2892,2,5784
사과드리,2893,2,5786
신나,2894,2,5788
미뤄질,2895,2,5790
면한,2896,2,5792
주어질,2897,2,5794
덧입히,2898,2,5796
치러진,2899,2,5798
베프,2900,2,5800
좋아한다면,2901,2,5802
버텨야,2902,2,5804
발매될,2903,2,5806
치뤄,2904,2,5808
머뭇거리,2905,2,5810
손대,2906,2,5812
뿌리치,2907,2,5814
둬서,2908,2,5816
배워서,2909,2,5818
풀릴,2910,2,5820
미룬,2911,2,5822
멈춘다는,2912,2,5824
알려졌으며,2913,2,5826
받아들여질,2914,2,5828
몰려든,2915,2,5830
패한,2916,2,5832
조이,2917,2,5834
들여와,2918,2,5836
비틀,2919,2,5838
움직여도,2920,2,5840
늘여,2921,2,5842
그래,2922,2,5844
씻기,2923,2,5846
불러일으킨다,2924,2,5848
피나,2925,1,2925
버금갈,2926,1,2926
보낸다는,2927,1,2927
들려왔,2928,1,2928
남긴다는,2929,1,2929
선다는,2930,1,2930
그려지,2931,1,2931
갖춰진,2932,1,2932
줄서,2933,1,2933
풀어놓,2934,1,2934
웅크린,2935,1,2935
해진다,2936,1,2936
숙이,2937,1,2937
깨운,2938,1,2938
보챈다,2939,1,2939
데려간다,2940,1,2940
빌려야,2941,1,2941
보여줘,2942,1,2942
지나쳐,2943,1,2943
가져선,2944,1,2944
어우러,2945,1,2945
이래서,2946,1,2946
늘였,2947,1,2947
퍼진다고,2948,1,2948
밝혀져야,2949,1,2949
진다고,2950,1,2950
붙인다고,2951,1,2951
지펴,2952,1,2952
걸려서,2953,1,2953
훑,2954,1,2954
목매,2955,1,2955
곱씹,2956,1,2956
두려워한다,2957,1,2957
터주,2958,1,2958
온다면,2959,1,2959
바로잡혀,2960,1,2960
나뉠,2961,1,2961
달랜다,2962,1,2962
떼이,2963,1,2963
북돋워줄,2964,1,2964
밀린다는,2965,1,2965
고꾸라졌,2966,1,2966
쫓아왔,2967,1,2967
흩어지,2968,1,2968
띕니다,2969,1,2969
끝났으나,2970,1,2970
들썩거렸,2971,1,2971
돌려줘,2972,1,2972
올려야,2973,1,2973
준해,2974,1,2974
숨겨져,2975,1,2975
반했,2976,1,2976
찍힌,2977,1,2977
깨진다,2978,1,2978
고쳐야,2979,1,2979
치우쳐,2980,1,2980
나와도,2981,1,2981
간대,2982,1,2982
누빔,2983,1,2983
앞지른,2984,1,2984
머금,2985,1,2985
엎드려서,2986,1,2986
끓여온,2987,1,2987
팔려서,2988,1,2988
다그칠,2989,1,2989
휘두르,2990,1,2990
굳어졌,2991,1,2991
닥칠,2992,1,2992
헤쳐나갈,2993,1,2993
늦춰서,2994,1,2994
매긴,2995,1,2995
치우치,2996,1,2996
뒤졌,2997,1,2997
터트려,2998,1,2998
때려,2999,1,2999
부순다,3000,1,3000
일궈냈,3001,1,3001
책임진,3002,1,3002
기다려진다,3003,1,3003
이룸,3004,1,3004
옮겨오,3005,1,3005
살아갈,3006,1,3006
준다면,3007,1,3007
오간다,3008,1,3008
놓쳐,3009,1,3009
펴내,3010,1,3010
어우러졌,3011,1,3011
원한다는,3012,1,3012
뒤엉키,3013,1,3013
틀어쥔,3014,1,3014
주어진다면,3015,1,3015
묻힌,3016,1,3016
말린,3017,1,3017
헝클어진,3018,1,3018
매듭짓,3019,1,3019
밝혀질,3020,1,3020
반한다,3021,1,3021
택한다,3022,1,3022
올려볼,3023,1,3023
속인,3024,1,3024
눈감,3025,1,3025
댜,3026,1,3026
알아채,3027,1,3027
펼지,3028,1,3028
거둔다,3029,1,3029
오비,3030,1,3030
들어올렸,3031,1,3031
가한,3032,1,3032
높인다고,3033,1,3033
넘어올,3034,1,3034
싸여,3035,1,3035
삶,3036,1,3036
먹여,3037,1,3037
벌어진다는,3038,1,3038
짊어질,3039,1,3039
맞댈,3040,1,3040
앞지른다,3041,1,3041
택해야,3042,1,3042
는다,3043,1,3043
정해졌,3044,1,3044
기다려왔,3045,1,3045
찾아온,3046,1,3046
쑨,3047,1,3047
차오르,3048,1,3048
쏜다,3049,1,3049
미침,3050,1,3050
싹트,3051,1,3051
선보,3052,1,3052
막혔,3053,1,3053
떨쳤,3054,1,3054
차려,3055,1,3055
부서지,3056,1,3056
솟아오르,3057,1,3057
쉰다,3058,1,3058
풀려,3059,1,3059
아쉬워한다,3060,1,3060
바랐,3061,1,3061
둘째치,3062,1,3062
틀어지,3063,1,3063
깜빡거린다,3064,1,3064
껴안,3065,1,3065
다룬다고,3066,1,3066
드리워진,3067,1,3067
즐겨온,3068,1,3068
몰아붙였,3069,1,3069
깎아내렸,3070,1,3070
집어삼키,3071,1,3071
들끓,3072,1,3072
쓰인다면,3073,1,3073
비춰볼,3074,1,3074
비친,3075,1,3075
뛰어올랐,3076,1,3076
움츠러들,3077,1,3077
일으킬까,3078,1,3078
만듦으로써,3079,1,3079
뜯어보,3080,1,3080
매겨야,3081,1,3081
다진다,3082,1,3082
엮여,3083,1,3083
해묵,3084,1,3084
요동쳤,3085,1,3085
파리,3086,1,3086
지지,3087,1,3087
숨죽여,3088,1,3088
올라탈,3089,1,3089
휩쓸릴,3090,1,3090
지펴진,3091,1,3091
굴려,3092,1,3092
갈렸,3093,1,3093
비틀거리,3094,1,3094
드나들,3095,1,3095
부릅니다,3096,1,3096
설친다,3097,1,3097
가져다준,3098,1,3098
부른,3099,1,3099
물으며,3100,1,3100
띨,3101,1,3101
속인다,3102,1,3102
지킵시다,3103,1,3103
써나갔,3104,1,3104
숙,3105,1,3105
읊,3106,1,3106
막힌,3107,1,3107
두근거리,3108,1,3108
비켜난,3109,1,3109
움츠릴,3110,1,3110
움츠리,3111,1,3111
일군,3112,1,3112
바닥나,3113,1,3113
위할,3114,1,3114
통할까,3115,1,3115
돌려준다는,3116,1,3116
끄집어내,3117,1,3117
생긴다고,3118,1,3118
그랬을까,3119,1,3119
남겨져,3120,1,3120
여겨질,3121,1,3121
겨뤘,3122,1,3122
따라한,3123,1,3123
축내,3124,1,3124
바래,3125,1,3125
그릴까,3126,1,3126
던질,3127,1,3127
몰아붙일,3128,1,3128
살아온,3129,1,3129
부쳐,3130,1,3130
졸라대,3131,1,3131
이룹니다,3132,1,3132
내세운다는,3133,1,3133
센,3134,1,3134
패하,3135,1,3135
날라야,3136,1,3136
웅크려,3137,1,3137
덮어두,3138,1,3138
키워온,3139,1,3139
건다,3140,1,3140
들인다,3141,1,3141
펼침,3142,1,3142
벌여온,3143,1,3143
줄잡,3144,1,3144
뒤서,3145,1,3145
실어야,3146,1,3146
축인,3147,1,3147
종잡,3148,1,3148
꿈틀거리,3149,1,3149
사들일,3150,1,3150
굳어질,3151,1,3151
다뤄진다,3152,1,3152
금하,3153,1,3153
굳어지,3154,1,3154
들여다봐야,3155,1,3155
쥘,3156,1,3156
세워져야,3157,1,3157
빼앗겨,3158,1,3158
뻗쳤,3159,1,3159
가로챈,3160,1,3160
사들여,3161,1,3161
잡혀도,3162,1,3162
가로챈다,3163,1,3163
키,3164,1,3164
얼,3165,1,3165
드러난다는,3166,1,3166
담근,3167,1,3167
잠재울,3168,1,3168
끌어오,3169,1,3169
키워볼,3170,1,3170
사해,3171,1,3171
녹여낼,3172,1,3172
끊길,3173,1,3173
잊힐,3174,1,3174
져야,3175,1,3175
일러,3176,1,3176
바꿀지,3177,1,3177
더해준다,3178,1,3178
매겨진다,3179,1,3179
호감,3180,1,3180
모셨,3181,1,3181
가리켜,3182,1,3182
몰라도,3183,1,3183
거리,3184,1,3184
그려져,3185,1,3185
튄다는,3186,1,3186
담겨진,3187,1,3187
계실,3188,1,3188
계셨었,3189,1,3189
집어먹,3190,1,3190
깔려서,3191,1,3191
불리웠,3192,1,3192
곁들,3193,1,3193
우기,3194,1,3194
설레이,3195,1,3195
나왔었,3196,1,3196
시켜서라도,3197,1,3197
헤맸,3198,1,3198
덮치,3199,1,3199
아무,3200,1,3200
불리워,3201,1,3201
깨질까봐,3202,1,3202
데려와서,3203,1,3203
남아나,3204,1,3204
앞당긴,3205,1,3205
부러워하,3206,1,3206
베낀,3207,1,3207
던져서,3208,1,3208
지새웠,3209,1,3209
짓밟히,3210,1,3210
뒤덮인,3211,1,3211
줄어듭니다,3212,1,3212
소문났,3213,1,3213
휘둘러,3214,1,3214
흉내내,3215,1,3215
됐었,3216,1,3216
풀려서,3217,1,3217
접해본,3218,1,3218
보입니다만,3219,1,3219
접해,3220,1,3220
휘둥그레졌,3221,1,3221
놔,3222,1,3222
이루어집니다,3223,1,3223
싸웁니다,3224,1,3224
나뉩니다,3225,1,3225
버림,3226,1,3226
쏴,3227,1,3227
부러워했,3228,1,3228
깬다는,3229,1,3229
캐서,3230,1,3230
나왔으니,3231,1,3231
잊어버린,3232,1,3232
갇혀서,3233,1,3233
머물렀으며,3234,1,3234
맞물린다,3235,1,3235
메울,3236,1,3236
꼽힐,3237,1,3237
휘말려,3238,1,3238
건넸,3239,1,3239
끌어모아,3240,1,3240
맴돌,3241,1,3241
잊혀질,3242,1,3242
가해질,3243,1,3243
기해야,3244,1,3244
무너진다는,3245,1,3245
갖다대,3246,1,3246
맞춰왔,3247,1,3247
지나간,3248,1,3248
자나,3249,1,3249
짠다,3250,1,3250
거를,3251,1,3251
됐으나,3252,1,3252
지나온,3253,1,3253
들여왔,3254,1,3254
임할,3255,1,3255
지녀야,3256,1,3256
한데,3257,1,3257
공들이,3258,1,3258
가로막힌,3259,1,3259
가로막혀,3260,1,3260
지녔으며,3261,1,3261
빗겨,3262,1,3262
먹힐,3263,1,3263
곤두박,3264,1,3264
올라와야,3265,1,3265
썼으니,3266,1,3266
끄덕여진다,3267,1,3267
다퉜,3268,1,3268
겨누,3269,1,3269
뒤바꿔,3270,1,3270
찾아온다는,3271,1,3271
뒤쳐질,3272,1,3272
서려,3273,1,3273
물러,3274,1,3274
기울여온,3275,1,3275
등졌,3276,1,3276
올라올,3277,1,3277
서린,3278,1,3278
출렁이,3279,1,3279
기댈,3280,1,3280
청해,3281,1,3281
절인,3282,1,3282
무너뜨릴,3283,1,3283
비춘다,3284,1,3284
뜸,3285,1,3285
적어졌,3286,1,3286
끝맺,3287,1,3287
들려오,3288,1,3288
끊어진,3289,1,3289
일어날지,3290,1,3290
전해야,3291,1,3291
부쳐진,3292,1,3292
내립니다,3293,1,3293
칭해,3294,1,3294
달아오를,3295,1,3295
까지,3296,1,3296
들여다보이,3297,1,3297
나눈다는,3298,1,3298
가져간,3299,1,3299
깨어날,3300,1,3300
생길지,3301,1,3301
넘긴다는,3302,1,3302
박혔,3303,1,3303
씌웠,3304,1,3304
일어난다고,3305,1,3305
물밀,3306,1,3306
부딪혀야,3307,1,3307
마음먹,3308,1,3308
시켰,3309,1,3309
꼬여,3310,1,3310
떠올려,3311,1,3311
가로질렀,3312,1,3312
살까,3313,1,3313
여쭈,3314,1,3314
놔뒀,3315,1,3315
뜸들이,3316,1,3316
여길,3317,1,3317
애써왔,3318,1,3318
찌그러,3319,1,3319
뿌리칠,3320,1,3320
올렸으며,3321,1,3321
되돌려준다,3322,1,3322
감춰졌,3323,1,3323
마무리지,3324,1,3324
즐거워지,3325,1,3325
다룹니다,3326,1,3326
외쳐,3327,1,3327
보였었,3328,1,3328
튀어나온다,3329,1,3329
부닥쳐,3330,1,3330
늘려왔,3331,1,3331
그레,3332,1,3332
뒤쳐졌,3333,1,3333
머물렀으나,3334,1,3334
고꾸라진,3335,1,3335
머무를,3336,1,3336
의식,3337,1,3337
내보일,3338,1,3338
오래갈,3339,1,3339
풀렸으나,3340,1,3340
떠올린다고,3341,1,3341
밀려온다,3342,1,3342
보내온,3343,1,3343
보내올,3344,1,3344
지켜라,3345,1,3345
둬야지,3346,1,3346
얼룩졌,3347,1,3347
퍼뜨렸,3348,1,3348
바쳐,3349,1,3349
퍼뜨려,3350,1,3350
홀려,3351,1,3351
썩어빠진,3352,1,3352
퍼다,3353,1,3353
나를,3354,1,3354
속,3355,1,3355
너,3356,1,3356
본딴,3357,1,3357
허문,3358,1,3358
채워둔,3359,1,3359
닫힐,3360,1,3360
올라선다,3361,1,3361
커온,3362,1,3362
마다,3363,1,3363
움직여야,3364,1,3364
쏟아진다고,3365,1,3365
꾸물거려,3366,1,3366
식혀,3367,1,3367
돌린다,3368,1,3368
달했으나,3369,1,3369
맡깁니다,3370,1,3370
봅시다,3371,1,3371
내던졌,3372,1,3372
넘어선다는,3373,1,3373
보인다면,3374,1,3374
본뜨,3375,1,3375
꽃필,3376,1,3376
물라,3377,1,3377
굴린,3378,1,3378
들어감,3379,1,3379
돌아다녀야,3380,1,3380
깬다,3381,1,3381
비비,3382,1,3382
내키,3383,1,3383
멈춰설,3384,1,3384
맞춰진다,3385,1,3385
허물어진다,3386,1,3386
굶주리,3387,1,3387
굶,3388,1,3388
떳,3389,1,3389
빗발친다,3390,1,3390
뒤,3391,1,3391
내봤,3392,1,3392
떨어뜨려도,3393,1,3393
떨어집니다,3394,1,3394
움튼,3395,1,3395
파헤쳤,3396,1,3396
쏟아진,3397,1,3397
흘러간다,3398,1,3398
낮춰도,3399,1,3399
깨부수,3400,1,3400
갈아탔,3401,1,3401
구해,3402,1,3402
칸다,3403,1,3403
이라카,3404,1,3404
돌아와요,3405,1,3405
옮겨올,3406,1,3406
곱해,3407,1,3407
떠올린다면,3408,1,3408
부어야,3409,1,3409
발린,3410,1,3410
보살피,3411,1,3411
식히,3412,1,3412
닥친,3413,1,3413
내걸려,3414,1,3414
반한,3415,1,3415
흠잡,3416,1,3416
그슬린,3417,1,3417
밝혀진다,3418,1,3418
흐른,3419,1,3419
가리켰,3420,1,3420
새겨져,3421,1,3421
알아챌,3422,1,3422
매달릴까,3423,1,3423
빼들,3424,1,3424
받친다,3425,1,3425
버텨왔,3426,1,3426
옮겨온,3427,1,3427
키워줄,3428,1,3428
내보인다,3429,1,3429
지핀다,3430,1,3430
얼러,3431,1,3431
망가진,3432,1,3432
온다고,3433,1,3433
자라나,3434,1,3434
깨우치,3435,1,3435
시는,3436,1,3436
누운,3437,1,3437
매길,3438,1,3438
끌어들인다면,3439,1,3439
견주,3440,1,3440
책임질,3441,1,3441
망쳐,3442,1,3442
어슬렁거리,3443,1,3443
되살아나,3444,1,3444
되돌아왔,3445,1,3445
망가뜨렸,3446,1,3446
괴롭힌다고,3447,1,3447
물러난,3448,1,3448
나타났으나,3449,1,3449
맛봤,3450,1,3450
싫어하,3451,1,3451
우려,3452,1,3452
겸했,3453,1,3453
빈다,3454,1,3454
다닌다,3455,1,3455
텄,3456,1,3456
접한다,3457,1,3457
날지,3458,1,3458
꽃피울,3459,1,3459
스며,3460,1,3460
고른다면,3461,1,3461
헛도,3462,1,3462
이뤄지자,3463,1,3463
지킨다,3464,1,3464
속할,3465,1,3465
주춤거리,3466,1,3466
돌아본,3467,1,3467
앞당겨졌,3468,1,3468
살려서,3469,1,3469
굳어져,3470,1,3470
뛰어오른,3471,1,3471
이어서,3472,1,3472
메꿀,3473,1,3473
설까,3474,1,3474
치우쳐져,3475,1,3475
가로막혔,3476,1,3476
기어다니,3477,1,3477
둥글,3478,1,3478
열려야,3479,1,3479
넘어온,3480,1,3480
웅크리,3481,1,3481
느껴진다면,3482,1,3482
기해,3483,1,3483
안긴,3484,1,3484
꿈틀대,3485,1,3485
날아다녀요,3486,1,3486
떨친,3487,1,3487
피우,3488,1,3488
정할지,3489,1,3489
앞둬,3490,1,3490
모았었,3491,1,3491
드러납니다,3492,1,3492
바꿔도,3493,1,3493
슬퍼하,3494,1,3494
지켜져야,3495,1,3495
되살아난,3496,1,3496
꺼짐,3497,1,3497
올라갈수록,3498,1,3498
갈아치우,3499,1,3499
지으며,3500,1,3500
휘어진,3501,1,3501
조르,3502,1,3502
몰랐다,3503,1,3503
놀라워했,3504,1,3504
걸으며,3505,1,3505
공들인,3506,1,3506
달라집니다,3507,1,3507
논,3508,1,3508
흘러온,3509,1,3509
여겨진,3510,1,3510
죌,3511,1,3511
내달리,3512,1,3512
뒤뚱거리,3513,1,3513
채리,3514,1,3514
틔워,3515,1,3515
늦춰졌,3516,1,3516
일으켰으며,3517,1,3517
이끌려,3518,1,3518
이루어진다고,3519,1,3519
등지,3520,1,3520
가려서,3521,1,3521
젖힐,3522,1,3522
택한다고,3523,1,3523
앞섭니다,3524,1,3524
는데,3525,1,3525
수그러들,3526,1,3526
도사리,3527,1,3527
바닥날,3528,1,3528
만지작거리,3529,1,3529
찾아나서,3530,1,3530
떨쳐,3531,1,3531
가라앉,3532,1,3532
나른다,3533,1,3533
부풀어오른다,3534,1,3534
발라,3535,1,3535
씌워,3536,1,3536
두드릴,3537,1,3537
비꼰,3538,1,3538
처할,3539,1,3539
북돋,3540,1,3540
해준다면,3541,1,3541
그래야,3542,1,3542
꺾이,3543,1,3543
높여왔,3544,1,3544
권했,3545,1,3545
읽혀,3546,1,3546
사라질지,3547,1,3547
사라진다면,3548,1,3548
서두른,3549,1,3549
바닥났,3550,1,3550
버티,3551,1,3551
휘말려서,3552,1,3552
덮쳤,3553,1,3553
다쳤,3554,1,3554
기다림,3555,1,3555
도우며,3556,1,3556
제쳤,3557,1,3557
갖힌,3558,1,3558
일깨웠,3559,1,3559
빛,3560,1,3560
둘러본다,3561,1,3561
거머쥔,3562,1,3562
곤두세웠,3563,1,3563
졸여야,3564,1,3564
샘,3565,1,3565
점친,3566,1,3566
매겨질,3567,1,3567
내려진다,3568,1,3568
내몬,3569,1,3569
밝힌다면,3570,1,3570
나야,3571,1,3571
흐트러뜨리,3572,1,3572
꼽혀,3573,1,3573
둘러싸여,3574,1,3574
뗄래야,3575,1,3575
합칠,3576,1,3576
빼앗길까봐,3577,1,3577
응해,3578,1,3578
고칠,3579,1,3579
삭,3580,1,3580
걸릴까,3581,1,3581
자란,3582,1,3582
짧아진,3583,1,3583
낮춰야,3584,1,3584
뒤쳐져,3585,1,3585
읽히,3586,1,3586
원해,3587,1,3587
사귄,3588,1,3588
얽매여,3589,1,3589
빼앗길지,3590,1,3590
누,3591,1,3591
터트렸,3592,1,3592
들러붙,3593,1,3593
난다면,3594,1,3594
옮겨진다,3595,1,3595
뒤덮이,3596,1,3596
구부러진,3597,1,3597
세웁니다,3598,1,3598
걸린다면,3599,1,3599
앞선다는,3600,1,3600
괴롭힘,3601,1,3601
뺏길,3602,1,3602
내려지,3603,1,3603
닫힌다,3604,1,3604
남겨진,3605,1,3605
씌운,3606,1,3606
볼수록,3607,1,3607
변해도,3608,1,3608
보여도,3609,1,3609
번쩍거리,3610,1,3610
챙겼,3611,1,3611
뽑힌,3612,1,3612
가로질러,3613,1,3613
나온다고,3614,1,3614
나타날지,3615,1,3615
펼쳐질지,3616,1,3616
거둬들이,3617,1,3617
엿봤,3618,1,3618
응했,3619,1,3619
애쓸,3620,1,3620
걸어올,3621,1,3621
흐를수록,3622,1,3622
앞장섰,3623,1,3623
채워야,3624,1,3624
무너진다,3625,1,3625
흘렸,3626,1,3626
빼낸,3627,1,3627
때우,3628,1,3628
절,3629,1,3629
되돌아간다,3630,1,3630
꺼린,3631,1,3631
묵히,3632,1,3632
채워지,3633,1,3633
거느리,3634,1,3634
멈춰섰,3635,1,3635
빠져나옴,3636,1,3636
아낀,3637,1,3637
디비,3638,1,3638
없앤다면,3639,1,3639
써온,3640,1,3640
늘어진,3641,1,3641
어울릴,3642,1,3642
메워,3643,1,3643
끌어가,3644,1,3644
살려냈,3645,1,3645
망가뜨려,3646,1,3646
편,3647,1,3647
내보낼,3648,1,3648
챙긴다는,3649,1,3649
냈으나,3650,1,3650
키운다는,3651,1,3651
꺼져,3652,1,3652
앞세운다,3653,1,3653
피해왔,3654,1,3654
감춰진,3655,1,3655
살펴봐야,3656,1,3656
맡겨도,3657,1,3657
찍혀,3658,1,3658
바꿔서,3659,1,3659
찾아다녔,3660,1,3660
지워질,3661,1,3661
부추기,3662,1,3662
되짚,3663,1,3663
섬기,3664,1,3664
치켜세우,3665,1,3665
높일수록,3666,1,3666
눌러서,3667,1,3667
범했,3668,1,3668
사라진지,3669,1,3669
꺼낸다,3670,1,3670
치켜,3671,1,3671
그럴까,3672,1,3672
점할,3673,1,3673
길러진,3674,1,3674
쓰인다고,3675,1,3675
찾아와서,3676,1,3676
몰려드,3677,1,3677
갈린다,3678,1,3678
갸웃거리,3679,1,3679
지쳐서,3680,1,3680
알아차렸,3681,1,3681
바친,3682,1,3682
깨뜨린,3683,1,3683
여길지,3684,1,3684
핀다,3685,1,3685
쓰여진,3686,1,3686
덧대,3687,1,3687
씌울,3688,1,3688
비우,3689,1,3689
빌릴,3690,1,3690
든다는,3691,1,3691
청할,3692,1,3692
들었었는데,3693,1,3693
더러워진다는,3694,1,3694
밝혀라,3695,1,3695
아껴,3696,1,3696
다물,3697,1,3697
못추,3698,1,3698
햇,3699,1,3699
따진,3700,1,3700
정한다,3701,1,3701
지나칠,3702,1,3702
한다거나,3703,1,3703
앞설,3704,1,3704
변한다는,3705,1,3705
빚어지,3706,1,3706
꾸려갈,3707,1,3707
뒤처진다는,3708,1,3708
내보이,3709,1,3709
들어온다는,3710,1,3710
들어온다면,3711,1,3711
속이,3712,1,3712
드러난다면,3713,1,3713
틈타,3714,1,3714
아껴준다,3715,1,3715
옮긴다면,3716,1,3716
길러,3717,1,3717
편다는,3718,1,3718
지웠,3719,1,3719
올려둔,3720,1,3720
흐를,3721,1,3721
애써온,3722,1,3722
하리,3723,1,3723
맞닥뜨릴,3724,1,3724
쓰러진,3725,1,3725
건져냈,3726,1,3726
틔운다,3727,1,3727
고인다,3728,1,3728
퍼내,3729,1,3729
설익,3730,1,3730
떨어질지,3731,1,3731
내어주,3732,1,3732
북돋울,3733,1,3733
여겨왔,3734,1,3734
빼앗길,3735,1,3735
새워,3736,1,3736
들먹일,3737,1,3737
떠올려도,3738,1,3738
내려왔,3739,1,3739
들려온,3740,1,3740
술렁였,3741,1,3741
미끄러지,3742,1,3742
어림잡,3743,1,3743
태어났으며,3744,1,3744
지켜온,3745,1,3745
커졌으나,3746,1,3746
구겼,3747,1,3747
들뜨,3748,1,3748
좁혔,3749,1,3749
좁혀질,3750,1,3750
굽힌,3751,1,3751
부치,3752,1,3752
우려내,3753,1,3753
지킨,3754,1,3754
번뜩이,3755,1,3755
세워볼,3756,1,3756
모여서,3757,1,3757
꼽혔으며,3758,1,3758
떠넘기,3759,1,3759
버려라,3760,1,3760
버린,3761,1,3761
얼리,3762,1,3762
깐,3763,1,3763
파고든,3764,1,3764
치켜세웠,3765,1,3765
넓혀야,3766,1,3766
망가뜨릴,3767,1,3767
빼았겼,3768,1,3768
잡아낼,3769,1,3769
베껴서,3770,1,3770
열림,3771,1,3771
꺽인,3772,1,3772
지나간다는,3773,1,3773
쫓기,3774,1,3774
건너오,3775,1,3775
건너갈,3776,1,3776
졸라매,3777,1,3777
흔든다,3778,1,3778
해본다,3779,1,3779
디,3780,1,3780
내몰,3781,1,3781
놓여도,3782,1,3782
박혀,3783,1,3783
덧댄,3784,1,3784
다져진,3785,1,3785
뺏겼,3786,1,3786
들려올,3787,1,3787
통해야,3788,1,3788
밝혀짐,3789,1,3789
채워진다,3790,1,3790
엉킨,3791,1,3791
갈라져,3792,1,3792
보낸다고,3793,1,3793
깔리,3794,1,3794
변합니다,3795,1,3795
이뤄졌으면,3796,1,3796
끝났으면,3797,1,3797
치운,3798,1,3798
들릴지,3799,1,3799
갈아입,3800,1,3800
거머쥐,3801,1,3801
내몰리,3802,1,3802
찾아간,3803,1,3803
채워줄,3804,1,3804
내와,3805,1,3805
거둔다는,3806,1,3806
사귄다고,3807,1,3807
빠진다,3808,1,3808
달궈진,3809,1,3809
탐낸,3810,1,3810
빼돌린,3811,1,3811
걷어냈,3812,1,3812
불붙이,3813,1,3813
생겼으며,3814,1,3814
꼬,3815,1,3815
찌그러진,3816,1,3816
느껴진다고,3817,1,3817
해둘,3818,1,3818
갖춘다는,3819,1,3819
알려질,3820,1,3820
떠올릴,3821,1,3821
끝난지,3822,1,3822
향할,3823,1,3823
배워와야,3824,1,3824
팔려,3825,1,3825
취해왔,3826,1,3826
굴러온,3827,1,3827
받히,3828,1,3828
채워질,3829,1,3829
굴러,3830,1,3830
부닥칠,3831,1,3831
들먹거리,3832,1,3832
구부러져,3833,1,3833
놀랄,3834,1,3834
어울린다고,3835,1,3835
닥쳐오,3836,1,3836
흔들린다는,3837,1,3837
덧붙,3838,1,3838
가르쳤,3839,1,3839
계시,3840,1,3840
모를까,3841,1,3841
맞아떨어진,3842,1,3842
가져간다는,3843,1,3843
권한다,3844,1,3844
줄였으며,3845,1,3845
뽑아냈,3846,1,3846
생겨난다고,3847,1,3847
말려서,3848,1,3848
꺼야,3849,1,3849
만든다고,3850,1,3850
다녀야,3851,1,3851
작아졌으며,3852,1,3852
돋보인다고,3853,1,3853
어울린다는,3854,1,3854
닦이,3855,1,3855
감춘다,3856,1,3856
곁들였,3857,1,3857
푼다,3858,1,3858
닦여,3859,1,3859
풍긴다,3860,1,3860
넓힌다는,3861,1,3861
몰린다,3862,1,3862
각,3863,1,3863
자른다고,3864,1,3864
보임,3865,1,3865
그만둬야,3866,1,3866
꿴,3867,1,3867
팔려야,3868,1,3868
꾸,3869,1,3869
가로채,3870,1,3870
낼까,3871,1,3871
얽힌,3872,1,3872
내가,3873,1,3873
따라갈,3874,1,3874
작아진다,3875,1,3875
빚어졌,3876,1,3876
부였,3877,1,3877
지시,3878,1,3878
움직인다면,3879,1,3879
사라졌었,3880,1,3880
줄게,3881,1,3881
맞바꾼,3882,1,3882
앞서간,3883,1,3883
키워왔,3884,1,3884
끊긴,3885,1,3885
앞선다고,3886,1,3886
더했,3887,1,3887
바란,3888,1,3888
흘러들어간다,3889,1,3889
나섰으나,3890,1,3890
근,3891,1,3891
자아낸다,3892,1,3892
뽑혀,3893,1,3893
웃어넘길,3894,1,3894
생길까,3895,1,3895
건드릴,3896,1,3896
지어내,3897,1,3897
너머,3898,1,3898
담그,3899,1,3899
쓰러지,3900,1,3900
나섬,3901,1,3901
들여놓,3902,1,3902
되살리,3903,1,3903
비출,3904,1,3904
요동칠,3905,1,3905
쏜다는,3906,1,3906
멈출,3907,1,3907
달려온다,3908,1,3908
휩쓰,3909,1,3909
꾼다,3910,1,3910
내려다,3911,1,3911
튀어나갔,3912,1,3912
매달리,3913,1,3913
뺨치,3914,1,3914
퍼붓,3915,1,3915
다한,3916,1,3916
세웠으나,3917,1,3917
섞일,3918,1,3918
뵌,3919,1,3919
찾아갔,3920,1,3920
걸려온,3921,1,3921
안다며,3922,1,3922
뚫려,3923,1,3923
다녀간,3924,1,3924
나아진다,3925,1,3925
꿉니다,3926,1,3926
물려줄,3927,1,3927
높여서,3928,1,3928
떠오릅니다,3929,1,3929
버틴,3930,1,3930
뒤척임,3931,1,3931
누우,3932,1,3932
마십니다,3933,1,3933
줄입니다,3934,1,3934
달구,3935,1,3935
펼칩니다,3936,1,3936
다녀갔,3937,1,3937
벌입니다,3938,1,3938
더하,3939,1,3939
안다면,3940,1,3940
알아차릴,3941,1,3941
왔을까,3942,1,3942
갈라설,3943,1,3943
즐긴다,3944,1,3944
화난,3945,1,3945
넓혀온,3946,1,3946
빚어질,3947,1,3947
기울,3948,1,3948
내노라하,3949,1,3949
꺼려했,3950,1,3950
대해야,3951,1,3951
치러야,3952,1,3952
합친다면,3953,1,3953
내려져,3954,1,3954
뭉쳐야,3955,1,3955
짖,3956,1,3956
휩쓸려,3957,1,3957
자랄,3958,1,3958
망치,3959,1,3959
팔린다,3960,1,3960
불려왔,3961,1,3961
접힌다,3962,1,3962
거들,3963,1,3963
가린다고,3964,1,3964
지켜봐,3965,1,3965
말릴,3966,1,3966
그라,3967,1,3967
졸라,3968,1,3968
맸,3969,1,3969
몰려온,3970,1,3970
몰려다녔,3971,1,3971
단,3972,1,3972
던져줄,3973,1,3973
굳어진,3974,1,3974
길들이,3975,1,3975
가져다줄,3976,1,3976
잠가,3977,1,3977
한다던가,3978,1,3978
늘어난다는,3979,1,3979
다녀오,3980,1,3980
들어도,3981,1,3981
잡아낸다,3982,1,3982
부러워할,3983,1,3983
들어와도,3984,1,3984
짜여졌,3985,1,3985
엇갈린,3986,1,3986
길들여진,3987,1,3987
지친,3988,1,3988
춰,3989,1,3989
가라앉혀서,3990,1,3990
옮겨간,3991,1,3991
불러들일,3992,1,3992
버려,3993,1,3993
묻어났,3994,1,3994
손볼,3995,1,3995
원해서,3996,1,3996
미칩니다,3997,1,3997
옮겨졌,3998,1,3998
부린다,3999,1,3999
적혔,4000,1,4000
솎,4001,1,4001
도와야,4002,1,4002
배운다고,4003,1,4003
드신,4004,1,4004
돌아다닌다,4005,1,4005
끓이,4006,1,4006
추켜세우,4007,1,4007
베일,4008,1,4008
추려내,4009,1,4009
생겨난다는,4010,1,4010
내둘렀,4011,1,4011
반긴다,4012,1,4012
더함,4013,1,4013
모셔왔,4014,1,4014
따른다는,4015,1,4015
거듭난,4016,1,4016
뒤집어쓴,4017,1,4017
끼웠,4018,1,4018
추스린,4019,1,4019
찌푸리,4020,1,4020
부풀리,4021,1,4021
쏠립니다,4022,1,4022
들여가,4023,1,4023
맛봐야,4024,1,4024
도리,4025,1,4025
시켜야,4026,1,4026
떨어짐,4027,1,4027
피해갈,4028,1,4028
내줘도,4029,1,4029
찾아올,4030,1,4030
뿌리친,4031,1,4031
가르칠,4032,1,4032
떠올렸,4033,1,4033
생겨야,4034,1,4034
먹혀들,4035,1,4035
연다는,4036,1,4036
뛰쳐나와,4037,1,4037
배,4038,1,4038
과,4039,1,4039
치우침,4040,1,4040
낸다고,4041,1,4041
이뤄지길,4042,1,4042
에,4043,1,4043
삼킨,4044,1,4044
감춘,4045,1,4045
움직여서,4046,1,4046
늘려서,4047,1,4047
넘김,4048,1,4048
이겨낼,4049,1,4049
치러졌,4050,1,4050
익혀온,4051,1,4051
챈,4052,1,4052
떠도,4053,1,4053
금,4054,1,4054
살아났,4055,1,4055
틔,4056,1,4056
견뎌야,4057,1,4057
갈길,4058,1,4058
물리쳤,4059,1,4059
포개,4060,1,4060
그쳤으나,4061,1,4061
쌓여온,4062,1,4062
무너뜨린,4063,1,4063
찍혔,4064,1,4064
싸워,4065,1,4065
늘어지,4066,1,4066
어긋난다는,4067,1,4067
만듭니다,4068,1,4068
뛰어내리,4069,1,4069
가렸,4070,1,4070
부딪힘,4071,1,4071
깨울,4072,1,4072
물어본,4073,1,4073
밝혀온,4074,1,4074
달리지,4075,1,4075
죽인,4076,1,4076
받아들인,4077,1,4077
남긴다,4078,1,4078
지켜왔,4079,1,4079
시네,4080,1,4080
봐선,4081,1,4081
고사하,4082,1,4082
자란다,4083,1,4083
미뤄볼,4084,1,4084
이릅니다,4085,1,4085
물러지,4086,1,4086
줄어든다고,4087,1,4087
디지,4088,1,4088
거듭난다,4089,1,4089
바르,4090,1,4090
버려진다는,4091,1,4091
날라가,4092,1,4092
즐거워하,4093,1,4093
울,4094,1,4094
퍼부,4095,1,4095
맞받,4096,1,4096
눌러져,4097,1,4097
굴하,4098,1,4098
줄인다고,4099,1,4099
힘들이,4100,1,4100
겨룬,4101,1,4101
휘젓,4102,1,4102
모여진,4103,1,4103
풀어낸,4104,1,4104
지으려,4105,1,4105
그려진다,4106,1,4106
내보,4107,1,4107
다가간,4108,1,4108
부딪힐,4109,1,4109
덮일,4110,1,4110
엎드려,4111,1,4111
돌볼,4112,1,4112
내비쳐,4113,1,4113
익혀왔,4114,1,4114
느껴볼,4115,1,4115
알아낸다,4116,1,4116
알아차린다,4117,1,4117
칠지,4118,1,4118
쓸지,4119,1,4119
이룬다고,4120,1,4120
가졌으며,4121,1,4121
껐,4122,1,4122
훔쳐,4123,1,4123
데인,4124,1,4124
손봐야,4125,1,4125
울려나온다,4126,1,4126
눕혀서,4127,1,4127
헷갈려,4128,1,4128
올려다,4129,1,4129
비칠지,4130,1,4130
싸움,4131,1,4131
들이댄다,4132,1,4132
잃어버렸,4133,1,4133
쩔쩔매,4134,1,4134
돋보인,4135,1,4135
휘청이,4136,1,4136
올려졌,4137,1,4137
이어져온,4138,1,4138
꺾였,4139,1,4139
휘청거리,4140,1,4140
끌어올렸으면,4141,1,4141
걸치,4142,1,4142
붙잡혀,4143,1,4143
작하,4144,1,4144
데우,4145,1,4145
끄덕이,4146,1,4146
딸려,4147,1,4147
저러,4148,1,4148
챙긴다,4149,1,4149
흔드,4150,1,4150
해라,4151,1,4151
편다,4152,1,4152
꽂혀,4153,1,4153
끝내준다,4154,1,4154
알린다는,4155,1,4155
배워가,4156,1,4156
질러야,4157,1,4157
채워진,4158,1,4158
지워졌,4159,1,4159
다가,4160,1,4160
끌어당긴다,4161,1,4161
견줘서,4162,1,4162
저민,4163,1,4163
헤엄치,4164,1,4164
바란다고,4165,1,4165
덧입혀,4166,1,4166
움켜쥐,4167,1,4167
세워진다,4168,1,4168
달궈,4169,1,4169
마주했,4170,1,4170
반겨줄,4171,1,4171
몰라보,4172,1,4172
숨겨야,4173,1,4173
처해진다,4174,1,4174
처하,4175,1,4175
밤새,4176,1,4176
힘쓴다고,4177,1,4177
파내,4178,1,4178
끼친다,4179,1,4179
지핀,4180,1,4180
미뤄서,4181,1,4181
한대면,4182,1,4182
메달,4183,1,4183
굴러갈,4184,1,4184
내버려,4185,1,4185
잊혀졌,4186,1,4186
옮김,4187,1,4187
인해서,4188,1,4188
겹친다고,4189,1,4189
묻히,4190,1,4190
매달린다면,4191,1,4191
못한다면,4192,1,4192
쓰여질,4193,1,4193
끌까요,4194,1,4194
모셔다,4195,1,4195
가져와도,4196,1,4196
모여든,4197,1,4197
마셔도,4198,1,4198
전합니다,4199,1,4199
꿈꿔왔,4200,1,4200
달려와,4201,1,4201
잘린,4202,1,4202
바로잡,4203,1,4203
선보여온,4204,1,4204
흘러나왔,4205,1,4205
여긴,4206,1,4206
소문난,4207,1,4207
둘러쌀,4208,1,4208
늘어섰,4209,1,4209
북적거렸,4210,1,4210
볼멘,4211,1,4211
기할,4212,1,4212
밀어낸,4213,1,4213
쫓아냈,4214,1,4214
치우친,4215,1,4215
새긴,4216,1,4216
들여야,4217,1,4217
비춰져,4218,1,4218
그려라,4219,1,4219
타고난,4220,1,4220
늦췄,4221,1,4221
펴냈,4222,1,4222
모았으며,4223,1,4223
무너져,4224,1,4224
돌아앉,4225,1,4225
줄인다는,4226,1,4226
빠졌으나,4227,1,4227
메워준,4228,1,4228
따낸,4229,1,4229
밀어붙여,4230,1,4230
살린다는,4231,1,4231
오갈,4232,1,4232
망설임,4233,1,4233
온다는,4234,1,4234
메꾸,4235,1,4235
엎어져,4236,1,4236
되돌아온,4237,1,4237
일어서,4238,1,4238
지남,4239,1,4239
뚫리,4240,1,4240
빌렸,4241,1,4241
메꿨,4242,1,4242
기뻐할,4243,1,4243
이어질까,4244,1,4244
바랜,4245,1,4245
살아오,4246,1,4246
흘려보내,4247,1,4247
겹친다,4248,1,4248
달려와서,4249,1,4249
떨어뜨린,4250,1,4250
짓눌렀,4251,1,4251
마주칠,4252,1,4252
끌려가,4253,1,4253
뭉친다,4254,1,4254
나타난다면,4255,1,4255
숨쉬,4256,1,4256
이뤄졌기,4257,1,4257
다다르,4258,1,4258
홀리,4259,1,4259
매김,4260,1,4260
어긋난,4261,1,4261
믿기,4262,1,4262
된단다,4263,1,4263
두려워하,4264,1,4264
거칠,4265,1,4265
끝마친,4266,1,4266
쳐진다,4267,1,4267
태운다,4268,1,4268
사로,4269,1,4269
티나,4270,1,4270
어려,4271,1,4271
굴리,4272,1,4272
모셔오,4273,1,4273
데려,4274,1,4274
애쓴다,4275,1,4275
눕,4276,1,4276
놔둘,4277,1,4277
알아챘,4278,1,4278
부딪힌다,4279,1,4279
불러들였,4280,1,4280
밀린다,4281,1,4281
거둠,4282,1,4282
옵니다,4283,1,4283
바라봐야,4284,1,4284
맨,4285,1,4285
놓인다,4286,1,4286
날라간다,4287,1,4287
꺼려왔,4288,1,4288
끝남,4289,1,4289
잠겨,4290,1,4290
일으킬지,4291,1,4291
걸어서,4292,1,4292
벌어질지,4293,1,4293
내려줘야,4294,1,4294
바꾼다면,4295,1,4295
갖춘다면,4296,1,4296
날린,4297,1,4297
움츠린,4298,1,4298
힘내,4299,1,4299
짠다는,4300,1,4300
내려서,4301,1,4301
그려냄,4302,1,4302
누빌,4303,1,4303
태어난지,4304,1,4304
어울린다,4305,1,4305
설레임,4306,1,4306
쑤,4307,1,4307
괸,4308,1,4308
흘려,4309,1,4309
혹해,4310,1,4310
빠져나왔,4311,1,4311
면할,4312,1,4312
늦춘다,4313,1,4313
밀려들,4314,1,4314
들려서,4315,1,4315
비오,4316,1,4316
울려서,4317,1,4317
놀랬,4318,1,4318
흔들려서,4319,1,4319
엇갈립니다,4320,1,4320
들러서,4321,1,4321
돌려줘도,4322,1,4322
향했,4323,1,4323
먹여살릴,4324,1,4324
겨룬다,4325,1,4325
버텼,4326,1,4326
원한다고,4327,1,4327
망칠,4328,1,4328
터트린,4329,1,4329
맺혔,4330,1,4330
널어놓,4331,1,4331
느껴야,4332,1,4332
써낼,4333,1,4333
모은다는,4334,1,4334
도둑맞,4335,1,4335
들춰,4336,1,4336
커졌으며,4337,1,4337
쪼개지,4338,1,4338
끼워파,4339,1,4339
다뤄진,4340,1,4340
찌를,4341,1,4341
적어지,4342,1,4342
흘림,4343,1,4343
재미난,4344,1,4344
버릴,4345,1,4345
헷갈린,4346,1,4346
건널,4347,1,4347
먹일,4348,1,4348
뛰어나오,4349,1,4349
나타낸다고,4350,1,4350
낸데,4351,1,4351
곤두박질친,4352,1,4352
돌아다녀도,4353,1,4353
세련되,4354,1,4354
쏟아질지,4355,1,4355
버금간다,4356,1,4356
이뤄질까,4357,1,4357
살려라,4358,1,4358
끝날까,4359,1,4359
몰아줬,4360,1,4360
미뤄온,4361,1,4361
모자라,4362,1,4362
돌아와서,4363,1,4363
쫓아내,4364,1,4364
계신다,4365,1,4365
내왔,4366,1,4366
엿본,4367,1,4367
곤두박질쳤,4368,1,4368
덧붙이,4369,1,4369
지피,4370,1,4370
올랐으나,4371,1,4371
추스른,4372,1,4372
기한다,4373,1,4373
물러났,4374,1,4374
바랬,4375,1,4375
가라,4376,1,4376
들으려,4377,1,4377
떨어진다면,4378,1,4378
건너뛰,4379,1,4379
뻗치,4380,1,4380
벌린다면,4381,1,4381
뒤바뀌,4382,1,4382
합해,4383,1,4383
기한다는,4384,1,4384
몰라요,4385,1,4385
깨우쳤,4386,1,4386
알려준,4387,1,4387
알아들어야,4388,1,4388
떨어져서,4389,1,4389
불거진다,4390,1,4390
번뜩일,4391,1,4391
죄,4392,1,4392
휩싸인,4393,1,4393
마무리짓,4394,1,4394
몰린다는,4395,1,4395
취해,4396,1,4396
취한다면,4397,1,4397
지나갔,4398,1,4398
생겨도,4399,1,4399
녹여내,4400,1,4400
어긋난다고,4401,1,4401
다짐,4402,1,4402
정해둔,4403,1,4403
드린,4404,1,4404
챙겨서,4405,1,4405
벌어져서,4406,1,4406
편들,4407,1,4407
귀기울여,4408,1,4408
내보냈으며,4409,1,4409
비빈,4410,1,4410
삼가,4411,1,4411
가르침,4412,1,4412
가린다,4413,1,4413
들어준,4414,1,4414
추슬러,4415,1,4415
친다,4416,1,4416
물결치,4417,1,4417
자아내,4418,1,4418
맞혀야,4419,1,4419
밝힌지,4420,1,4420
세워질,4421,1,4421
모,4422,1,4422
내쉬,4423,1,4423
부추겼,4424,1,4424
두드린다,4425,1,4425
잦아졌,4426,1,4426
자리잡히,4427,1,4427
날렸으나,4428,1,4428
점했,4429,1,4429
끊어진다,4430,1,4430
잡아당겨도,4431,1,4431
구부려도,4432,1,4432
키워도,4433,1,4433
한걸,4434,1,4434
잘리,4435,1,4435
외칠,4436,1,4436
불티나,4437,1,4437
읽힌다는,4438,1,4438
씁니다,4439,1,4439
써내,4440,1,4440
써낸,4441,1,4441
바뀐다고,4442,1,4442
커져도,4443,1,4443
뛰어놀,4444,1,4444
끝날지,4445,1,4445
죽일,4446,1,4446
당겨도,4447,1,4447
올까요,4448,1,4448
찔러도,4449,1,4449
늘이,4450,1,4450
지켜서,4451,1,4451
들어차,4452,1,4452
구해야,4453,1,4453
드러냅니다,4454,1,4454
손들,4455,1,4455
빠집니다,4456,1,4456
밀려옵니다,4457,1,4457
말려들,4458,1,4458
속삭이,4459,1,4459
감쌌,4460,1,4460
당겨서,4461,1,4461
헷갈릴,4462,1,4462
춥니다,4463,1,4463
나올수록,4464,1,4464
쫓아오,4465,1,4465
뜹니다,4466,1,4466
찍힘,4467,1,4467
붙입니다,4468,1,4468
위함입니다,4469,1,4469
망가졌,4470,1,4470
울려퍼졌,4471,1,4471
기한,4472,1,4472
지켜본다,4473,1,4473
눈치챈,4474,1,4474
탐나,4475,1,4475
골라도,4476,1,4476
노니,4477,1,4477
낚아채,4478,1,4478
멈춘다,4479,1,4479
흐른다,4480,1,4480
틀린,4481,1,4481
일으킨다고,4482,1,4482
뒤틀린,4483,1,4483
모여라,4484,1,4484
걸어가,4485,1,4485
굴린다,4486,1,4486
돌아다녔,4487,1,4487
날아다닌다,4488,1,4488
밀쳐,4489,1,4489
