,max,location
existence,0.1858210013513861,16
integrity,0.1858210013513861,16
certification,0.1858210013513861,16
ownership,0.1858210013513861,16
proofs,0.1858210013513861,16
structure,0.1858210013513861,16
file,0.1858210013513861,16
identifiers,0.1858210013513861,16
hashes,0.1858210013513861,16
protocol,0.18566964806802505,13
state,0.1833423620242328,13
database,0.1833423620242328,13
inputs,0.18212420883742408,13
rules,0.18212420883742408,13
capabilities,0.18212420883742408,13
technology,0.18212420883742408,13
preferences,0.18212420883742408,13
plurality,0.18118290619031535,16
disclosure,0.18096697912877804,16
hash,0.18096697912877804,16
communication,0.17841166796611674,16
units,0.17841166796611674,16
block,0.17841166796611674,16
unit,0.17207117556519477,16
blockchain,0.1690452500430437,13
identity,0.16661861989818977,11
fraud,0.16661861989818977,11
identities,0.16661861989818977,11
score,0.16661861989818977,11
consumers,0.16661861989818977,11
business,0.16661861989818977,11
assessment,0.16661861989818977,11
tools,0.16661861989818977,11
connections,0.16661861989818977,11
entities,0.16661861989818977,11
risk,0.16661861989818977,11
techniques,0.16661861989818977,11
organizations,0.16661861989818977,11
authenticity,0.16661861989818977,11
invention,0.16607132468763108,13
methods,0.1627161527299198,17
chain,0.16088861109470037,13
structures,0.1580041302808186,16
way,0.15407378190821736,17
verification,0.1534233200098142,16
ones,0.15204358575295968,16
sources,0.15191319757026261,11
response,0.14959861576814681,25
share,0.14542904907805923,24
input,0.135051991893285,25
approach,0.1344377006618083,25
user,0.12995419353963927,13
browser,0.12817237667865553,25
api,0.12817237667865553,25
set,0.12781396580369714,13
interest,0.12681672277553102,17
object,0.12681672277553102,17
ability,0.1258007161386636,17
verifier,0.1258007161386636,17
anchor,0.1258007161386636,17
trust,0.12542322232277797,17
environments,0.12351386061875556,19
embodiments,0.12347433656074719,11
analysis,0.12284154015972738,11
root,0.12252720209988963,17
receiving,0.12224131970394296,25
site,0.12017011102940317,25
supply,0.11940679214054314,15
records,0.11940679214054314,15
representation,0.11940679214054314,15
quantities,0.11874232133980585,24
shares,0.11874232133980585,24
accounts,0.11874232133980585,24
asset,0.11874232133980585,24
participant,0.11874232133980585,24
association,0.11874232133980585,24
price,0.11873746497592509,24
quantity,0.11785545359992813,24
destination,0.11777362744651479,24
service,0.11763039945447007,17
application,0.1171675185562774,25
item,0.11672917723423194,15
record,0.11672917723423194,15
data,0.1155696895192136,13
members,0.11445378239523907,14
relationships,0.11445378239523907,14
anonymity,0.11445378239523907,14
validation,0.11445378239523907,14
group,0.11445378239523907,14
providers,0.11445378239523907,14
concept,0.11445378239523907,14
requirements,0.11445378239523907,14
assistance,0.11445378239523907,14
ledgers,0.11445378239523907,14
protocols,0.11445378239523907,14
community,0.11445378239523907,14
creation,0.11445378239523907,14
updates,0.11445378239523907,14
chains,0.11445378239523907,14
accurate,0.11445378239523907,14
mechanism,0.11445378239523907,14
claims,0.11445378239523907,14
form,0.11445378239523907,14
services,0.11445378239523907,14
policy,0.11445378239523907,14
protection,0.11445378239523907,14
attributes,0.11445378239523907,14
exchange,0.11296979255458701,24
network,0.1125977840647997,11
computers,0.1107956746015516,24
fields,0.11031633383323292,12
retrieval,0.11031633383323292,12
layers,0.11031633383323292,12
p2p,0.11031633383323292,12
field,0.11031633383323292,12
communications,0.11031633383323292,12
cryptocurrency,0.11031633383323292,12
cloud,0.11031633383323292,12
blocks,0.11031633383323292,12
result,0.10979484142300222,24
objects,0.10854481674039984,14
signatures,0.10854481674039984,14
users,0.10755716821275761,14
code,0.10754835759949342,15
identifier,0.10628932704704187,15
secure,0.10624394417810551,14
management,0.1056511566535248,14
portions,0.10497776445244113,19
assets,0.10459448174029193,24
identification,0.10281279902850969,14
authentication,0.10155104476267088,22
payment,0.10121968131811798,25
capability,0.1008129331896339,25
rating,0.1008129331896339,25
marketplace,0.1008129331896339,25
locking,0.1008129331896339,25
platforms,0.1008129331896339,25
communicating,0.1008129331896339,25
rate,0.1008129331896339,25
peertopeer,0.09867444579077687,12
privacy,0.09867444579077687,12
product,0.09723585523059779,25
systems,0.09664795165879975,17
types,0.09401759737268472,25
implementations,0.09401759737268472,25
metrics,0.09401759737268472,25
processing,0.09321015245621202,30
algorithm,0.08996225023591035,25
aggregate,0.08979133161176923,25
lock,0.08979133161176923,25
release,0.08928101598879071,18
herein,0.08928101598879071,18
module,0.08928101598879071,18
receiver,0.08928101598879071,18
circulation,0.08928101598879071,18
manifest,0.08928101598879071,18
subset,0.08928101598879071,18
failure,0.08928101598879071,18
instruction,0.08928101598879071,18
receive,0.08928101598879071,18
issuance,0.08928101598879071,18
interfaces,0.08928101598879071,18
condition,0.08928101598879071,18
center,0.08928101598879071,18
repair,0.08928101598879071,18
logic,0.08928101598879071,18
sender,0.08928101598879071,18
maintenance,0.08928101598879071,18
create,0.08928101598879071,18
wallets,0.08928101598879071,18
description,0.08895453945977298,17
size,0.08895453945977298,17
validity,0.08895453945977298,17
target,0.08895453945977298,17
period,0.08895453945977298,17
medium,0.08895453945977298,17
reputation,0.08895453945977298,17
tokens,0.08895453945977298,17
cash,0.08895453945977298,17
comparison,0.08895453945977298,17
buyer,0.08895453945977298,17
setting,0.08895453945977298,17
savings,0.08895453945977298,17
measurement,0.08895453945977298,17
circuitry,0.08874187929465213,27
provider,0.08842244280645534,17
respective,0.08733748841405212,19
io,0.08733748841405212,19
initiation,0.08733748841405212,19
sites,0.08733748841405212,19
date,0.08733748841405212,19
possession,0.08733748841405212,19
versions,0.08733748841405212,19
files,0.08733748841405212,19
receives,0.08733748841405212,19
algorithms,0.08733748841405212,19
transmits,0.08733748841405212,19
space,0.08733748841405212,19
networking,0.08733748841405212,19
series,0.08733748841405212,19
detect,0.08733748841405212,19
functions,0.08733748841405212,19
environment,0.08733748841405212,19
networks,0.08733748841405212,19
need,0.08733748841405212,19
secret,0.08733748841405212,19
posting,0.08733748841405212,19
requests,0.08733748841405212,19
paper,0.08733748841405212,19
cases,0.08733748841405212,19
life,0.08733748841405212,19
respect,0.08733748841405212,19
documents,0.08698602172527867,23
transmitting,0.08671704204255135,21
portion,0.0849310551158356,19
generation,0.0844333524423106,15
production,0.0844333524423106,15
addition,0.0844333524423106,15
unique,0.0844333524423106,15
subscriber,0.0844333524423106,15
nonce,0.0844333524423106,15
context,0.0844333524423106,15
string,0.0844333524423106,15
custody,0.0844333524423106,15
side,0.0839635006332088,24
character,0.0839635006332088,24
store,0.0839635006332088,24
properties,0.0839635006332088,24
repository,0.0839635006332088,24
pair,0.0839635006332088,24
details,0.0839635006332088,24
token,0.0839635006332088,24
inclusion,0.0839635006332088,24
face,0.0839635006332088,24
controller,0.0839635006332088,24
elements,0.0839635006332088,24
sharing,0.0839635006332088,24
report,0.0839635006332088,24
update,0.0839635006332088,24
sides,0.0839635006332088,24
purchase,0.083395428088883,19
error,0.08302450450127993,22
registration,0.08302450450127993,22
subsystem,0.08302450450127993,22
pieces,0.08302450450127993,22
voting,0.08302450450127993,22
timestamp,0.08302450450127993,22
collection,0.08302450450127993,22
packet,0.08302450450127993,22
barcode,0.08302450450127993,22
processes,0.08302450450127993,22
path,0.08302450450127993,22
fingerprint,0.08302450450127993,22
vote,0.08302450450127993,22
point,0.08302450450127993,22
iot,0.08302450450127993,22
parameters,0.08302450450127993,22
infrastructure,0.08302450450127993,22
examples,0.08302450450127993,22
contracts,0.08302450450127993,22
trail,0.08302450450127993,22
election,0.08302450450127993,22
combination,0.08302450450127993,22
biometric,0.08302450450127993,22
limit,0.08302450450127993,22
votes,0.08302450450127993,22
bitcoin,0.08274909703155064,12
log,0.08247219042208222,31
aspects,0.08218790178871548,27
payments,0.08130666146617062,21
changes,0.08130666146617062,21
terminal,0.08130666146617062,21
questions,0.08130666146617062,21
purchases,0.08130666146617062,21
review,0.08130666146617062,21
purchasing,0.08130666146617062,21
modification,0.08130666146617062,21
cluster,0.08130666146617062,21
relationship,0.08130666146617062,21
results,0.08066610701557496,25
interaction,0.08066610701557496,25
document,0.0804170251268136,19
text,0.07960309604545643,25
level,0.0788039593680305,25
device,0.0784741933197679,18
card,0.07812924423943397,24
applications,0.07812224293159248,26
information,0.07792127777552973,17
implements,0.07787618764940415,15
proof,0.07787618764940415,15
channel,0.07787618764940415,15
replacement,0.07787618764940415,15
measurements,0.07787618764940415,15
attestation,0.07787618764940415,15
engine,0.0776538428062651,20
method,0.07738756511747305,13
recognition,0.0772538113532319,26
domain,0.0772538113532319,26
scheme,0.07699457606600903,28
metadata,0.076886108600837,23
segments,0.076886108600837,23
instances,0.076886108600837,23
peers,0.076886108600837,23
seal,0.076886108600837,23
knowledge,0.07645694414509831,18
settlement,0.07645694414509831,18
amount,0.07645694414509831,18
memory,0.07645694414509831,18
request,0.07633055780803852,25
key,0.076280667542469,18
resource,0.07620604367305192,27
merchant,0.07562871200542394,19
consumer,0.07548484896803602,25
links,0.07526405600383487,21
items,0.07418881540391431,15
characteristics,0.07378911888310508,24
duration,0.07369370254965095,12
market,0.07369370254965095,12
machine,0.07369370254965095,12
integration,0.07369370254965095,12
link,0.07369370254965095,12
andor,0.07369370254965095,12
machines,0.07369370254965095,12
tag,0.07369370254965095,12
sale,0.07369370254965095,12
activity,0.07369370254965095,12
authorization,0.07369370254965095,12
sensors,0.07369370254965095,12
identifies,0.07369370254965095,12
comprise,0.07369370254965095,12
location,0.07368090650645061,24
wireless,0.0729946347840126,22
graph,0.07280496863156682,24
stores,0.07235233848858799,18
subsets,0.0718074323882632,22
confirmation,0.0715287282854636,25
version,0.07142798053956313,22
interactions,0.07059662275381923,25
host,0.07045838707118324,18
currency,0.07045838707118324,18
time,0.07012270420406153,17
registry,0.06956482464929896,31
operations,0.0694929771644148,22
entries,0.0689240928705529,31
breach,0.0689240928705529,31
use,0.0688068058448651,12
distribution,0.0688068058448651,12
person,0.06812435632628056,24
example,0.06745434242534026,19
computing,0.0674160941383267,21
id,0.0671115061228897,25
connection,0.06653286995089651,21
process,0.06557564304648988,19
party,0.06530079925564242,21
type,0.06527486732656006,29
operation,0.0649683227459507,19
nodes,0.06491633281775472,24
relate,0.06490598315785168,34
ledger,0.06428541054951811,15
value,0.06399017224369442,17
instructions,0.06388341841535791,27
eg,0.06341085229575551,23
codes,0.06293710390112413,19
signs,0.06286580810787609,28
challenge,0.06286580810787609,28
rf,0.06286580810787609,28
zone,0.06286580810787609,28
redundancy,0.06286580810787609,28
groups,0.062369460810374006,14
contents,0.06209050606702822,23
template,0.061915077580066306,22
sensor,0.06189781136471438,19
events,0.06174119735444788,31
apparatus,0.06150461889581283,24
system,0.06077190250218356,19
transfer,0.060740589340278726,24
vehicle,0.06055616389691435,28
solution,0.06055616389691435,28
signature,0.06047613365155002,15
transmission,0.06044676878767344,18
message,0.06044676878767344,18
goods,0.05980536149726803,15
provenance,0.05980536149726803,15
values,0.05980536149726803,15
source,0.05980536149726803,15
consensus,0.05980536149726803,15
profile,0.059545797704419985,23
node,0.05945775340534049,22
vault,0.05847641027593762,21
locations,0.05847641027593762,21
transaction,0.05844939244878478,21
element,0.05729280000088303,26
interface,0.057194177741918525,15
internet,0.05719153873423415,19
range,0.05595014111507513,29
model,0.05581957024917793,28
strength,0.055123809345243975,27
reporting,0.055123809345243975,27
parts,0.055123809345243975,27
sample,0.055123809345243975,27
merkle,0.055123809345243975,27
modules,0.055123809345243975,27
sequence,0.055123809345243975,27
scanning,0.055123809345243975,27
tags,0.055123809345243975,27
keywords,0.055123809345243975,27
criterion,0.055123809345243975,27
outputs,0.055123809345243975,27
end,0.055123809345243975,27
attempts,0.055123809345243975,27
core,0.055123809345243975,27
means,0.055123809345243975,27
belongs,0.055123809345243975,27
individuals,0.055123809345243975,27
client,0.05501789103477438,22
solutions,0.05490955883350425,20
reports,0.05490955883350425,20
cost,0.05490955883350425,20
models,0.05490955883350425,20
controllers,0.05490955883350425,20
detection,0.05490955883350425,20
delay,0.05490955883350425,20
timestamps,0.05490955883350425,20
slot,0.05490955883350425,20
food,0.05490955883350425,20
length,0.05490955883350425,20
paths,0.05490955883350425,20
human,0.05490955883350425,20
analytics,0.05490955883350425,20
switch,0.05490955883350425,20
port,0.05490955883350425,20
queries,0.05490955883350425,20
subscribers,0.05490955883350425,20
conversion,0.05490955883350425,20
charge,0.05490955883350425,20
match,0.05490955883350425,20
imaging,0.05490955883350425,20
backup,0.05490955883350425,20
preference,0.05490955883350425,20
app,0.05490955883350425,20
topology,0.05490955883350425,20
frequency,0.05490955883350425,20
processors,0.05490955883350425,20
transceivers,0.05490955883350425,20
owner,0.05490955883350425,20
temperature,0.05490955883350425,20
travel,0.05490955883350425,20
threshold,0.05490955883350425,20
search,0.05490955883350425,20
variety,0.05490955883350425,20
trip,0.05490955883350425,20
cells,0.05490955883350425,20
transceiver,0.05490955883350425,20
animal,0.05490955883350425,20
presence,0.05462669388037657,26
master,0.05462669388037657,26
member,0.05462669388037657,26
digital,0.05462669388037657,26
game,0.05462669388037657,26
view,0.05462669388037657,26
mark,0.05462669388037657,26
relative,0.05462669388037657,26
dataset,0.05462669388037657,26
accordance,0.05462669388037657,26
permission,0.05462669388037657,26
mapping,0.05462669388037657,26
configuration,0.05462669388037657,26
motion,0.05462669388037657,26
datastore,0.05462669388037657,26
factor,0.05462669388037657,26
controls,0.05462669388037657,26
collaboration,0.05462669388037657,26
graphs,0.05462669388037657,26
creator,0.05462669388037657,26
container,0.05462669388037657,26
indicative,0.05462669388037657,26
remote,0.05462669388037657,26
test,0.05462669388037657,26
learning,0.05462669388037657,26
utilization,0.05462669388037657,26
conjunction,0.05462669388037657,26
benefits,0.05462669388037657,26
requirement,0.05462669388037657,26
segment,0.05462669388037657,26
recipient,0.05462669388037657,26
detecting,0.05462669388037657,26
products,0.05445424103908592,24
output,0.05440795584573907,22
standards,0.054366688770697176,23
credit,0.054366688770697176,23
hashing,0.054366688770697176,23
light,0.054366688770697176,23
debit,0.054366688770697176,23
stream,0.054366688770697176,23
facility,0.054366688770697176,23
latency,0.054366688770697176,23
beacon,0.054366688770697176,23
improvements,0.054366688770697176,23
streams,0.054366688770697176,23
things,0.054366688770697176,23
cyber,0.054366688770697176,23
aggregation,0.054366688770697176,23
scores,0.054366688770697176,23
alignment,0.054366688770697176,23
stamp,0.054366688770697176,23
password,0.054366688770697176,23
approval,0.054366688770697176,23
framework,0.054366688770697176,23
cryptocurrencies,0.05411259715052878,36
storage,0.0540205010164993,22
control,0.053723430510233344,24
parties,0.05333080173447387,14
support,0.05299551333013846,34
compliance,0.05298615509530299,26
event,0.052965824980205765,25
differences,0.052961243000931135,27
web,0.052925722206654674,37
enrollment,0.05280985065640787,22
feature,0.05272931379409547,26
packages,0.05144465481640446,27
validating,0.05144465481640446,27
manipulation,0.05141859428308401,23
points,0.05141859428308401,23
profiles,0.05141859428308401,23
representations,0.05110609441962696,35
tenant,0.05110609441962696,35
collision,0.05110609441962696,35
name,0.05110609441962696,35
criteria,0.051050011494493834,32
smart,0.051050011494493834,32
ue,0.05099770923380132,39
function,0.050787335319094185,15
storing,0.05074314775619186,23
antenna,0.05047588119177898,29
areas,0.05047588119177898,29
stack,0.05047588119177898,29
requestor,0.05047588119177898,29
flow,0.05047588119177898,29
packets,0.05047588119177898,29
expectation,0.05047588119177898,29
microcontroller,0.05047588119177898,29
battery,0.05047588119177898,29
schema,0.05047588119177898,29
parallel,0.05047588119177898,29
url,0.05047588119177898,29
usage,0.05047588119177898,29
format,0.05047588119177898,29
pool,0.05047588119177898,29
decryption,0.05047588119177898,29
manner,0.05047588119177898,29
route,0.05047588119177898,29
inventory,0.05047588119177898,29
shipment,0.05047588119177898,29
purpose,0.05047588119177898,29
register,0.05047588119177898,29
body,0.05047588119177898,29
design,0.05047588119177898,29
transmissions,0.05047588119177898,29
camera,0.05043889515566178,22
pairs,0.05042749863730971,20
receipt,0.0503747101079366,24
handling,0.05032067496097787,23
images,0.05024781976938345,20
contract,0.050072356289426724,32
access,0.05005996088326544,23
operating,0.05002105722860824,23
messages,0.04998385759973254,30
return,0.04996567255792608,33
behavior,0.04979990773790311,23
tree,0.04967893160931786,27
sets,0.049451466663732596,31
participants,0.04920578902808642,34
recording,0.04920578902808642,34
institution,0.04920578902808642,34
change,0.04920578902808642,34
comprising,0.04911030185538079,20
indicator,0.04902499779564913,39
content,0.04902491327601329,18
procedure,0.049024899940682605,23
server,0.04874993003786821,15
settings,0.04873669345589932,31
category,0.04873669345589932,31
recordation,0.04873669345589932,31
determines,0.04873669345589932,31
orders,0.04873669345589932,31
containers,0.04873669345589932,31
contribution,0.04873669345589932,31
instruments,0.04873669345589932,31
industry,0.04873669345589932,31
peer,0.04873669345589932,31
issues,0.04873669345589932,31
rfid,0.04873669345589932,31
pii,0.04873669345589932,31
health,0.04873669345589932,31
check,0.04873669345589932,31
pin,0.04871269885955102,21
package,0.04770690321843415,27
conditions,0.04770690321843415,27
position,0.04770690321843415,27
databases,0.04761534134084724,31
needs,0.04761534134084724,31
issuer,0.04761418462764471,31
computer,0.04746913961207355,29
degree,0.04714960787779162,30
scenarios,0.04714960787779162,30
incident,0.04714960787779162,30
reply,0.04714960787779162,30
bits,0.04714960787779162,30
ip,0.04714960787779162,30
counter,0.04714960787779162,30
discovery,0.04714960787779162,30
provisioning,0.04714960787779162,30
endpoint,0.04714960787779162,30
transport,0.04714960787779162,30
ui,0.04714960787779162,30
topic,0.04714960787779162,30
page,0.04714960787779162,30
commit,0.04714960787779162,30
operator,0.04714960787779162,30
sending,0.04714960787779162,30
actions,0.046978248163287245,33
features,0.046664109189753576,35
plan,0.04653314479999786,29
portal,0.046502754380463175,29
determination,0.046156472332806564,23
routing,0.046125497940957584,37
account,0.04610294542717715,29
manufacture,0.04593115998479321,39
availability,0.045876498880257646,33
image,0.045773804574695265,26
video,0.04573716840163691,21
session,0.04573716840163691,21
implementation,0.04573716840163691,21
cameras,0.04573716840163691,21
servers,0.04553277639902571,34
header,0.04507762739376162,36
notification,0.044970528206893706,31
query,0.04481544045535179,31
certificate,0.04471962965267872,23
aspect,0.04457979068639234,18
capturing,0.04445283921785142,28
pricing,0.04445283921785142,28
agents,0.04445283921785142,28
pointer,0.04445283921785142,28
manufacturing,0.04445283921785142,28
behaviors,0.04445283921785142,28
numbers,0.04445283921785142,28
permissions,0.04445283921785142,28
verifies,0.04445283921785142,28
reader,0.04445283921785142,28
participation,0.04445283921785142,28
submission,0.04445283921785142,28
count,0.04445283921785142,28
meeting,0.04445283921785142,28
load,0.04445283921785142,28
row,0.04445283921785142,28
partition,0.04445283921785142,28
activities,0.04445283921785142,28
print,0.04445283921785142,28
coding,0.04445283921785142,28
trigger,0.04445283921785142,28
step,0.04445283921785142,28
reading,0.04445283921785142,28
packaging,0.04426114906966316,28
execution,0.044199173129973485,19
index,0.04418052302965564,31
program,0.043954456200623486,24
circuit,0.04362103586155356,20
authority,0.04358255633843993,37
license,0.04311711814810565,29
generates,0.04311711814810565,29
project,0.04277583746956573,40
candidate,0.04270895685355725,41
decision,0.04270895685355725,41
gateway,0.042450262922046435,31
broker,0.042450262922046435,31
attacker,0.042450262922046435,31
activation,0.042450262922046435,31
agent,0.042450262922046435,31
processor,0.042440385113189046,17
instance,0.04241887500251095,31
monitoring,0.041908224749833946,31
number,0.041783757449302815,18
action,0.04173732688653122,32
energy,0.04171670156659725,17
administrator,0.041656172510885076,38
partners,0.041639455224545104,39
balance,0.04160640728506746,43
requesting,0.04157906182911974,31
area,0.04142700948324118,37
child,0.04142700948324118,37
comprises,0.04142700948324118,37
correlation,0.041306955781818526,40
correction,0.041079933241902136,39
rule,0.04074571407778682,43
address,0.04046388082752769,15
multimedia,0.04031676776426756,45
problem,0.03987865191506767,37
credentials,0.03981738111821817,33
determine,0.039557813226146446,40
grid,0.03937908170146678,32
shard,0.03937908170146678,32
equipment,0.039320919462468754,39
inventories,0.039320919462468754,39
steps,0.03927432529456353,45
corresponds,0.03917940477348924,48
resources,0.03905547766139893,18
identifying,0.03901520126927482,33
order,0.03889042284569078,22
entity,0.03869489776653906,18
individual,0.03867537216336008,35
player,0.03866688021699171,42
copies,0.03866688021699171,42
membership,0.03866688021699171,42
transactions,0.038534183447486096,21
part,0.03837626659529499,19
iteration,0.03826338439275476,36
sizes,0.03826338439275476,36
qr,0.03826338439275476,36
effect,0.03826338439275476,36
positions,0.03826338439275476,36
schedule,0.03826338439275476,36
configurations,0.03826338439275476,36
fixture,0.03826338439275476,36
forms,0.03826338439275476,36
cause,0.03826338439275476,36
checks,0.03826338439275476,36
hierarchy,0.03826338439275476,36
anomaly,0.03826338439275476,36
leader,0.03826338439275476,36
pickup,0.03826338439275476,36
world,0.03826338439275476,36
carrier,0.03826338439275476,36
voltage,0.03826338439275476,36
notifications,0.03826338439275476,36
pressure,0.03826338439275476,36
redemption,0.03826338439275476,36
vicinity,0.03826338439275476,36
therein,0.03826238743239551,43
property,0.03799011966540658,28
radio,0.03799011966540658,28
intelligence,0.03795368009946301,38
alert,0.037942717394351545,31
development,0.03791934269527464,40
software,0.037882248983259016,29
references,0.03747348684820298,34
loss,0.03747348684820298,34
online,0.03747348684820298,34
backend,0.03747348684820298,34
options,0.03747348684820298,34
movement,0.03747348684820298,34
provide,0.03747348684820298,34
providing,0.03747348684820298,34
prompt,0.03747348684820298,34
gui,0.03747348684820298,34
movements,0.03747348684820298,34
population,0.03747348684820298,34
amounts,0.03747348684820298,34
publisher,0.03747348684820298,34
modalities,0.03747348684820298,34
signing,0.03747348684820298,34
hardware,0.03743636773827236,28
array,0.037248120293247325,36
place,0.03702392727545162,38
security,0.03693539413139646,14
tracking,0.036533029424251795,45
computation,0.03651948931282223,24
thereof,0.03638836071286377,48
migration,0.036137465924078196,35
acceptance,0.036137465924078196,35
transportation,0.036137465924078196,35
height,0.036137465924078196,35
described,0.036137465924078196,35
batch,0.036137465924078196,35
region,0.036137465924078196,35
terminals,0.036137465924078196,35
edges,0.036137465924078196,35
variables,0.036137465924078196,35
clients,0.036137465924078196,35
articles,0.036137465924078196,35
setup,0.036137465924078196,35
classifier,0.036137465924078196,35
waste,0.036137465924078196,35
volume,0.036137465924078196,35
commodity,0.036137465924078196,35
safety,0.036137465924078196,35
trustworthiness,0.036137465924078196,35
entitlement,0.036137465924078196,35
obtains,0.036137465924078196,35
problems,0.036137465924078196,35
lifecycle,0.036137465924078196,35
article,0.036137465924078196,35
placement,0.036137465924078196,35
subscription,0.036137465924078196,35
reconciliation,0.036137465924078196,35
generate,0.036137465924078196,35
agreement,0.03609780930740778,32
attack,0.03609780930740778,32
architectures,0.03609780930740778,32
monitor,0.03609780930740778,32
answer,0.03609780930740778,32
accuracy,0.03609780930740778,32
bias,0.03609780930740778,32
training,0.03609780930740778,32
quality,0.03609780930740778,32
turn,0.03609780930740778,32
patterns,0.03609780930740778,32
orientation,0.03609780930740778,32
aggregator,0.03609780930740778,32
credential,0.03609780930740778,32
segmentation,0.03609780930740778,32
answers,0.03609780930740778,32
recipients,0.03609780930740778,32
publishing,0.03609780930740778,32
responsive,0.03604344000800708,34
organization,0.036029222883391894,32
blockchains,0.035756387693762326,27
reference,0.03567201245810894,28
ca,0.03565239922272371,47
cryptography,0.035638530664085635,42
revocation,0.03535051282621903,28
advertisement,0.03533106589225612,33
voice,0.03533106589225612,33
likelihood,0.03533106589225612,33
publicprivate,0.03533106589225612,33
window,0.03533106589225612,33
requester,0.03533106589225612,33
owners,0.03533106589225612,33
sum,0.03533106589225612,33
installation,0.03533106589225612,33
indications,0.03533106589225612,33
marketing,0.03533106589225612,33
transition,0.03533106589225612,33
fulfillment,0.03533106589225612,33
samples,0.03533106589225612,33
interoperability,0.035244007692547055,36
restriction,0.03520112573634594,43
healthcare,0.03519803892888316,41
thereon,0.03504583093158413,35
alarm,0.03504583093158413,35
keys,0.034943811602862196,21
capacity,0.03491535948473511,43
start,0.034871717245919275,41
surface,0.034871717245919275,41
vehicles,0.03464245550099182,28
shards,0.034612748814606215,28
generator,0.034556544820438614,36
programming,0.034556544820438614,36
seed,0.03450670293645774,37
delivery,0.03437534071792122,43
pipeline,0.03434948230945341,44
hub,0.034292690682757074,50
calculation,0.034292690682757074,50
devices,0.0342127838154664,24
distance,0.0341929455187724,59
assurance,0.03415167613227823,43
rest,0.03389602186686802,47
accessibility,0.03386833760573843,51
occurrence,0.033567059286224735,32
reliability,0.033519099689336494,36
states,0.033519099689336494,36
color,0.03346921966571916,36
gaming,0.0333679481142029,57
programs,0.03334651540732209,53
correspondence,0.03321745230513354,32
history,0.03321222149555774,37
transit,0.03298577844796824,34
building,0.03298577844796824,34
vectors,0.03291850303358163,45
recommendations,0.03291850303358163,45
inference,0.03291850303358163,45
classification,0.03291850303358163,45
enterprise,0.03289876072944393,43
matches,0.032832331644804445,34
evidence,0.032832331644804445,34
institutions,0.032832331644804445,34
uav,0.03283186589543207,38
mesh,0.03263329545841088,50
namespace,0.032615652379657245,37
anonymization,0.032615652379657245,37
novel,0.032615652379657245,37
split,0.032615652379657245,37
acquisition,0.032615652379657245,37
offers,0.032615652379657245,37
relating,0.032615652379657245,37
concepts,0.032615652379657245,37
names,0.032615652379657245,37
following,0.032615652379657245,37
remittance,0.032615652379657245,37
offer,0.032615652379657245,37
sessions,0.032615652379657245,37
section,0.032615652379657245,37
apis,0.032615652379657245,37
reception,0.03257095932466768,39
characteristic,0.03249932015498283,35
attacks,0.03242520754491013,37
recommendation,0.032302194438817794,37
attribute,0.03228217131422465,32
mode,0.032226758357561884,34
specific,0.03202906511936187,42
connectivity,0.031930262388804156,37
bandwidth,0.031930262388804156,37
transmitter,0.031930262388804156,37
indicating,0.03192231691827375,35
feed,0.031791407501329,37
entry,0.03174452180860317,40
frames,0.031619518755188654,37
zeroknowledge,0.031619518755188654,37
representative,0.03158842724105105,34
tool,0.0314353513881183,46
realtime,0.03136217831296521,32
channels,0.03136217831296521,32
efficiency,0.031347833536282295,34
payload,0.031311377192497346,22
architecture,0.031178333405745887,39
sales,0.03106147327012095,33
watermark,0.03106147327012095,33
housing,0.03105669572227447,33
call,0.03099832472010558,37
case,0.030984969800819242,37
commitment,0.030729008622945038,53
language,0.030622974893199113,37
status,0.030501454942379026,28
dependence,0.030433542977580667,38
experience,0.030417582930178277,33
difference,0.030417582930178277,33
transmit,0.030417582930178277,33
importance,0.030361556039582526,44
certificates,0.03035810762303947,33
component,0.030325458705061762,28
speech,0.030247084745663535,40
speaker,0.030247084745663535,40
passenger,0.030247084745663535,40
amongst,0.030247084745663535,40
timestamping,0.030247084745663535,40
payee,0.030247084745663535,40
zones,0.030247084745663535,40
computations,0.030247084745663535,40
comparing,0.030247084745663535,40
disparate,0.030247084745663535,40
annotation,0.030247084745663535,40
detail,0.030247084745663535,40
bank,0.030247084745663535,40
stage,0.030209111145166574,40
datasets,0.030186941322753763,40
compression,0.03010757701941717,44
phase,0.03008083959813696,20
cache,0.030021175240028817,37
behalf,0.029963317808062412,39
map,0.0299240332567224,41
manager,0.029852020335918255,47
matrix,0.029732347297102817,37
patient,0.029704578059728187,38
technique,0.029588282227476587,37
layer,0.029512860485816247,40
audio,0.029453419679844023,33
obfuscation,0.02944354115418946,39
appliance,0.02944354115418946,39
meter,0.02944354115418946,39
transparent,0.02944354115418946,39
regulations,0.02944354115418946,39
intervals,0.02944354115418946,39
ways,0.02944354115418946,39
ciphertext,0.02944354115418946,39
visualization,0.02944354115418946,39
engineering,0.02944354115418946,39
words,0.02944354115418946,39
employee,0.02944354115418946,39
plane,0.02944354115418946,39
removal,0.02944354115418946,39
robot,0.02944354115418946,39
outcome,0.029425525265114095,47
technologies,0.02940423991886164,32
procedures,0.029288387690328866,40
mining,0.029245060447036505,39
origin,0.028930409441418233,39
parent,0.028886266881950836,33
driver,0.028858772513431146,46
multiple,0.028740837993866324,39
label,0.02873498270431314,20
table,0.02855391664086442,37
consistency,0.02837647819278527,40
power,0.028337382954677345,20
provision,0.028075384170599783,39
overlay,0.02803143538166115,40
specification,0.02802995518789937,52
offline,0.027999864693283232,50
library,0.027999864693283232,50
base,0.027873869717270478,73
probability,0.027849386877067363,39
edge,0.027739122190982318,68
construction,0.027512335359120642,71
public,0.027472081998381245,44
consumption,0.027429246338634958,63
wallet,0.027422685204412097,23
email,0.027422685204412097,23
frame,0.027373870055756762,39
measures,0.02735341647613768,46
seller,0.02735341647613768,46
bid,0.0273416132087628,42
genesis,0.0273416132087628,42
feeds,0.0273416132087628,42
menu,0.0273416132087628,42
angle,0.0273416132087628,42
increase,0.0273416132087628,42
efficient,0.0273416132087628,42
clusters,0.0273416132087628,42
pdk,0.0273416132087628,42
spectrum,0.0273416132087628,42
trading,0.0273416132087628,42
demand,0.0273416132087628,42
regard,0.0273390850070397,33
audit,0.0273390850070397,33
basis,0.0273390850070397,33
list,0.02720198255426976,34
beneficiary,0.027055593617833794,43
ids,0.027055593617833794,43
script,0.027055593617833794,43
class,0.027055593617833794,43
payer,0.027055593617833794,43
playback,0.027055593617833794,43
company,0.027055593617833794,43
locker,0.027055593617833794,43
timing,0.027055593617833794,43
presentation,0.02697044229306822,23
privilege,0.026918476923961907,48
apparatuses,0.02677665559094529,34
functionality,0.026723367754348176,27
policies,0.0266693785660005,37
generating,0.026644535382381773,54
reality,0.026604079690511394,70
selection,0.026599041445453886,43
parameter,0.02658030157919467,33
damage,0.026549181051220616,43
exchanges,0.02651836758141211,39
dlt,0.02651836758141211,39
therewith,0.02651836758141211,39
costs,0.026425812258851822,59
signals,0.026417298733514897,28
modifications,0.02639842453227116,37
fluid,0.026335260188346813,40
digest,0.026323159122881187,37
measure,0.026217175223345882,33
verifying,0.0261553909120315,42
obtaining,0.02614490006639613,33
encryption,0.026079620075332755,11
embodiment,0.026079620075332755,11
copy,0.026079620075332755,11
navigation,0.025957599676969676,40
air,0.025766364774540078,39
occurrences,0.025618636677264467,63
feedback,0.025525576253129286,37
constraints,0.02550761689721626,46
games,0.025483199096025175,42
subjects,0.025443730596666672,42
direction,0.02540832950476437,39
sampling,0.025337138678803477,63
prefix,0.02521005325595793,47
quantum,0.02521005325595793,47
parity,0.02521005325595793,47
leaf,0.02521005325595793,47
offset,0.02521005325595793,47
slots,0.02521005325595793,47
kernel,0.02521005325595793,47
calls,0.02521005325595793,47
station,0.024896573756607608,39
role,0.024788901272054725,42
extension,0.02476202914797948,43
reward,0.02473415679712886,42
wave,0.024698704705552306,49
coefficient,0.024698704705552306,49
expiration,0.024698704705552306,49
cell,0.024658027736209395,41
checking,0.024658027736209395,41
thread,0.024658027736209395,41
snapshots,0.024658027736209395,41
care,0.024658027736209395,41
stability,0.024658027736209395,41
slice,0.024658027736209395,41
categories,0.024658027736209395,41
performance,0.02462786217688797,38
tables,0.024588525050137613,41
funds,0.02447231854372832,46
assembly,0.02446142193733494,46
centers,0.024406179333059788,70
similarity,0.024274108787151236,53
insurance,0.024241247284174677,40
responses,0.024182287812825175,42
prediction,0.024072817397733894,50
advertising,0.02406258717194657,53
partner,0.024050202412568986,38
course,0.024050202412568986,38
agency,0.024050202412568986,38
updating,0.024050202412568986,38
bus,0.024050202412568986,38
possibility,0.024050202412568986,38
coordinates,0.024050202412568986,38
whole,0.024050202412568986,38
kiosk,0.024050202412568986,38
connectors,0.024050202412568986,38
drug,0.024050202412568986,38
subsequent,0.024050202412568986,38
ai,0.024040323858430947,41
collecting,0.02400434298318561,51
iv,0.023978500532134267,20
ii,0.023978500532134267,20
iii,0.023978500532134267,20
term,0.023955455141067682,41
disease,0.023955455141067682,41
endorsement,0.023935330854659452,41
read,0.023687284964554585,43
terms,0.02368184571433231,40
media,0.023659125963113398,37
proximity,0.023659125963113398,37
broadcasting,0.023608261387046466,41
boot,0.023476666978494393,40
coordination,0.023476666978494393,40
relation,0.023476666978494393,40
piece,0.023476666978494393,40
rates,0.023367695938564588,43
speed,0.023367695938564588,43
cycle,0.023367695938564588,43
fabric,0.0233402039638296,39
slicing,0.0233402039638296,39
workflow,0.02328271293162564,53
effectiveness,0.02327689672155551,45
zkp,0.02327689672155551,45
displays,0.02327689672155551,45
representatives,0.02327689672155551,45
operators,0.02327689672155551,45
callers,0.02327689672155551,45
weights,0.02327689672155551,45
slices,0.02327689672155551,45
substrate,0.02323122042361404,45
top,0.023227093339279394,45
materials,0.0231992912797722,71
interval,0.023185220952240182,64
utility,0.023156820272221133,45
car,0.023149529192701752,38
datacenter,0.02306776188421907,44
impact,0.022961762854613942,41
swarm,0.022946286608979436,47
distances,0.02293363903644989,50
proxy,0.022921688072587612,47
timer,0.02291679041796582,45
signal,0.022874945720134307,20
administration,0.022827647304221373,53
queue,0.022824172747735884,41
ecosystem,0.02281918963779352,65
matching,0.022745969507269884,42
proposal,0.02270221090554521,41
consent,0.02266733500257214,40
arrangement,0.022588826837123238,44
compute,0.022504474019473565,42
correspond,0.022380440598249864,42
question,0.022351842781995545,43
listing,0.022342262289643238,47
console,0.022342262289643238,47
display,0.022331718281901444,23
corresponding,0.022325090162635,40
job,0.022305504865936944,53
ar,0.022168818940190658,48
advertiser,0.022168818940190658,48
banking,0.022168818940190658,48
compensation,0.022168818940190658,48
ease,0.022168818940190658,48
zkps,0.022157866675310504,45
effects,0.022113574010357403,42
wherein,0.022112723776782618,12
pages,0.021949284564160523,53
evaluation,0.02188632700686194,43
assistant,0.021876088545884746,48
resolution,0.021847232270989413,57
weight,0.021810389872342163,38
priority,0.021739832603081054,47
pattern,0.02169992103308833,26
replicas,0.021660621681851355,48
bytecode,0.021507547481468447,53
retrieving,0.02150704742298299,65
verifiers,0.021479868938825485,54
login,0.02145366440912184,49
players,0.02145366440912184,49
right,0.02133473083260016,45
lists,0.02133473083260016,45
connecting,0.0213080595762751,57
loan,0.021211163873849803,45
deployment,0.021106461434129403,48
inspection,0.021102903003598787,43
displaying,0.021043587057778253,59
factors,0.021012998224619835,45
preset,0.021004696400884544,74
auditor,0.021002072132850772,42
material,0.020951719376992032,44
specifies,0.020942249436554556,48
automation,0.02086345574085266,48
supervision,0.02085882410106373,63
components,0.020840612628775138,20
coordinate,0.020838944794478127,44
securities,0.020838944794478127,44
templates,0.020838944794478127,44
viewer,0.020833599182844203,44
tier,0.020830807895742032,59
website,0.02077722842384931,38
gas,0.0205938603495795,49
ring,0.020540468714716136,56
casino,0.02053894455752183,57
track,0.020532052069065825,59
cover,0.020509419218719543,44
flows,0.020497196330584493,45
proofofwork,0.020454790576665247,41
work,0.020434974729463685,69
transfers,0.020367016295714954,31
merchants,0.020367016295714954,31
purposes,0.020367016295714954,31
throughput,0.02011189695051783,43
lighting,0.02001178170721142,59
checksum,0.01979889419692636,50
drift,0.01979889419692636,50
medicine,0.01979889419692636,50
courier,0.01979889419692636,50
billing,0.01978622046656479,51
bundles,0.01978622046656479,51
indication,0.019768377896648596,29
optimization,0.019746396265977142,48
statement,0.01960652174937769,57
vector,0.019596086589619418,70
connector,0.019582767046304506,51
subject,0.019490512319668637,47
manage,0.019423165596290374,66
fuel,0.019418502344598708,58
broadcast,0.01938353153532604,41
contains,0.01934178627889679,46
equity,0.01934178627889679,46
crypto,0.0193005050340126,41
thresholds,0.019168425034434472,49
supplier,0.019126846581369056,65
command,0.019107793998038095,26
bytes,0.019035404383300033,59
intelligent,0.019033751416299125,59
fault,0.019025291136479612,48
invoice,0.018947408453380048,51
attestations,0.018904229933055208,54
traffic,0.018649302508284896,28
sever,0.018649302508284896,28
businesses,0.018604711867033594,56
vendor,0.01858684511167456,38
second,0.01854805058557724,44
merging,0.01849561908969071,60
monitors,0.018475750521127904,20
cyphertext,0.018428286247967506,70
definition,0.018371961300883994,44
producer,0.018291527705804875,44
copyright,0.018250768075446573,60
ports,0.01824573550846985,58
tee,0.018237493136011276,45
scenario,0.01816278415034773,51
government,0.01806171588982321,46
chip,0.01800930923067033,72
tokenized,0.01798299496533154,51
performs,0.017853699715260976,60
fan,0.017506784210021102,45
guarantee,0.017488672285557137,70
gesture,0.01730463046869599,51
labels,0.01715856331835762,46
bidding,0.01712864338120592,51
relay,0.01711548140494993,66
performing,0.017089533646069126,46
routes,0.017013852128749417,69
parsing,0.01699668911184106,52
signer,0.016977426205213097,49
eligibility,0.016661494206432214,46
scale,0.016609155376129867,68
holder,0.016550161916095093,71
patent,0.016377819540904462,53
characters,0.016268089401787724,53
transformation,0.016235381857386207,38
influence,0.01621116030947201,46
topics,0.01611757020089601,49
guarantor,0.016041469971877286,70
advertisers,0.015981867447484636,53
describe,0.015930645572216223,50
searches,0.015881680800833412,51
scheduling,0.01574230843690376,62
restrictions,0.01565480799410013,62
eye,0.015577045134240717,65
strategy,0.01547599045069722,70
predictions,0.015445899232528171,59
questionnaire,0.01541116297516856,68
locator,0.015363796702233153,51
jump,0.015345408116716783,49
task,0.015297095640981858,33
levels,0.015291233103463297,23
selections,0.015213106080156222,53
oscillator,0.015023209739943233,58
failures,0.015013421408368657,53
subgroups,0.01499638439549676,62
splitting,0.014900975129459152,73
option,0.01487953457705504,46
science,0.014843064239308815,60
manufacturer,0.014803035716871206,46
vulnerability,0.014783359570608905,62
assessments,0.014713764761224641,68
expression,0.014686454109697124,73
success,0.01464677139320235,71
addresses,0.01457855034319098,27
engagement,0.014486331888074426,65
platform,0.014455570028499102,26
customer,0.014396752667024292,28
screen,0.014396752667024292,28
escrow,0.014384759782310479,56
default,0.014257945810281314,54
accelerator,0.014257945810281314,54
chunks,0.01419591357835175,56
datum,0.014171298517187896,70
fails,0.01409194772233455,72
satisfies,0.014085233364968058,53
round,0.013997887100072657,51
custom,0.013976384595249924,62
sdk,0.013919634293684344,53
confidence,0.013878710064386636,26
cpu,0.013860932860845901,53
agreements,0.013654859454131621,69
transferring,0.013646724060258762,55
holders,0.013565180711621216,53
claim,0.013563758003537563,58
word,0.013553481136377861,54
deficiencies,0.013467326886862665,66
minimum,0.013452062706086182,69
enforcement,0.01342180511655522,56
shape,0.013280656657136283,74
positioning,0.013162484573425216,71
granularity,0.01309995888481119,73
capture,0.0130682551386898,28
charging,0.01306817554172722,70
subrogation,0.012954424648761686,59
retention,0.012762772177590894,54
sequences,0.01268249788393478,57
write,0.012648064012339255,57
mileage,0.01255122901858086,64
sent,0.01249951413280115,58
fact,0.01240941079991047,56
bulk,0.012400462556059751,58
fiber,0.012388090910293194,67
bodies,0.012305659383472018,60
theme,0.01223852318288056,56
significance,0.012183674637268006,63
logistics,0.012183674637268006,63
publishers,0.012172414868782544,59
subgraph,0.011965850911463431,71
readiness,0.011953127106589044,63
committer,0.011923326364725772,62
invoking,0.011742988101442739,60
presentations,0.011597714022213643,62
button,0.011541521215387703,33
customers,0.011493646390446068,32
q1,0.011467179810527818,60
tiering,0.011467179810527818,60
bound,0.011425134018099805,57
ticket,0.01135346124877558,74
estate,0.011316775698279756,56
comments,0.011313559007646518,67
titles,0.011233358346033473,58
miners,0.011059566850685853,69
sql,0.010955814529298915,52
advance,0.01076449699330962,64
referral,0.010638452610650571,71
establishment,0.010445030776267817,40
chunk,0.010056109602911117,56
rights,0.009956172923474916,35
force,0.009953944887289177,55
phone,0.00989959012791456,34
proposals,0.009863147847642455,58
tasks,0.009636278980925422,40
verifications,0.009437412026716632,52
random,0.009341771289934322,32
photo,0.00917611676988577,35
synchronization,0.009169888396712744,32
allocation,0.009155371318104163,34
times,0.009155371318104163,34
miner,0.009027110990433176,37
fee,0.009027110990433176,37
rewards,0.009027110990433176,37
messaging,0.008578451087398253,33
completion,0.0083964043866612,35
recovery,0.00829185609380605,32
territory,0.0076748635276438,68
questionnaires,0.0076748635276438,68
assignment,0.007656650875437058,35
validator,0.007504199352368206,41
bill,0.006348532009449854,40
mechanisms,0.005814574543416927,40
determining,0.005659517785787518,45
queues,0.005534331900768552,40
workload,0.005483610507405884,21
interests,0.005458387662013074,43
decrypting,0.0042861531283906965,16
